"","Day","Day_f","Jar","Block","Temp","Temp_f","Trt","Rep","Species","PredComp","Dens"
"1",0,"0",7,"A",19,19,"Tetra",1,"Tetra","No",5
"2",0,"0",8,"A",19,19,"Tetra",2,"Tetra","No",5
"3",0,"0",9,"A",19,19,"Tetra",3,"Tetra","No",5
"4",0,"0",25,"A",19,19,"TetraP.cau",1,"Tetra","Yes",5
"5",0,"0",26,"A",19,19,"TetraP.cau",2,"Tetra","Yes",5
"6",0,"0",27,"A",19,19,"TetraP.cau",3,"Tetra","Yes",5
"7",0,"0",73,"A",22,22,"Tetra",1,"Tetra","No",5
"8",0,"0",74,"A",22,22,"Tetra",2,"Tetra","No",5
"9",0,"0",75,"A",22,22,"Tetra",3,"Tetra","No",5
"10",0,"0",91,"A",22,22,"TetraP.cau",1,"Tetra","Yes",5
"11",0,"0",92,"A",22,22,"TetraP.cau",2,"Tetra","Yes",5
"12",0,"0",93,"A",22,22,"TetraP.cau",3,"Tetra","Yes",5
"13",0,"0",139,"A",25,25,"Tetra",1,"Tetra","No",5
"14",0,"0",140,"A",25,25,"Tetra",2,"Tetra","No",5
"15",0,"0",141,"A",25,25,"Tetra",3,"Tetra","No",5
"16",0,"0",157,"A",25,25,"TetraP.cau",1,"Tetra","Yes",5
"17",0,"0",158,"A",25,25,"TetraP.cau",2,"Tetra","Yes",5
"18",0,"0",159,"A",25,25,"TetraP.cau",3,"Tetra","Yes",5
"19",0,"0",10,"B",19,19,"Tetra",4,"Tetra","No",5
"20",0,"0",11,"B",19,19,"Tetra",5,"Tetra","No",5
"21",0,"0",12,"B",19,19,"Tetra",6,"Tetra","No",5
"22",0,"0",28,"B",19,19,"TetraP.cau",4,"Tetra","Yes",5
"23",0,"0",29,"B",19,19,"TetraP.cau",5,"Tetra","Yes",5
"24",0,"0",30,"B",19,19,"TetraP.cau",6,"Tetra","Yes",5
"25",0,"0",76,"B",22,22,"Tetra",4,"Tetra","No",5
"26",0,"0",77,"B",22,22,"Tetra",5,"Tetra","No",5
"27",0,"0",78,"B",22,22,"Tetra",6,"Tetra","No",5
"28",0,"0",94,"B",22,22,"TetraP.cau",4,"Tetra","Yes",5
"29",0,"0",95,"B",22,22,"TetraP.cau",5,"Tetra","Yes",5
"30",0,"0",96,"B",22,22,"TetraP.cau",6,"Tetra","Yes",5
"31",0,"0",142,"B",25,25,"Tetra",4,"Tetra","No",5
"32",0,"0",143,"B",25,25,"Tetra",5,"Tetra","No",5
"33",0,"0",144,"B",25,25,"Tetra",6,"Tetra","No",5
"34",0,"0",160,"B",25,25,"TetraP.cau",4,"Tetra","Yes",5
"35",0,"0",161,"B",25,25,"TetraP.cau",5,"Tetra","Yes",5
"36",0,"0",162,"B",25,25,"TetraP.cau",6,"Tetra","Yes",5
"37",0,"0",13,"A",19,19,"Glauc",1,"Glauc","No",5
"38",0,"0",14,"A",19,19,"Glauc",2,"Glauc","No",5
"39",0,"0",15,"A",19,19,"Glauc",3,"Glauc","No",5
"40",0,"0",31,"A",19,19,"GlaucP.cau",1,"Glauc","Yes",5
"41",0,"0",32,"A",19,19,"GlaucP.cau",2,"Glauc","Yes",5
"42",0,"0",33,"A",19,19,"GlaucP.cau",3,"Glauc","Yes",5
"43",0,"0",79,"A",22,22,"Glauc",1,"Glauc","No",5
"44",0,"0",80,"A",22,22,"Glauc",2,"Glauc","No",5
"45",0,"0",81,"A",22,22,"Glauc",3,"Glauc","No",5
"46",0,"0",97,"A",22,22,"GlaucP.cau",1,"Glauc","Yes",5
"47",0,"0",98,"A",22,22,"GlaucP.cau",2,"Glauc","Yes",5
"48",0,"0",99,"A",22,22,"GlaucP.cau",3,"Glauc","Yes",5
"49",0,"0",145,"A",25,25,"Glauc",1,"Glauc","No",5
"50",0,"0",146,"A",25,25,"Glauc",2,"Glauc","No",5
"51",0,"0",147,"A",25,25,"Glauc",3,"Glauc","No",5
"52",0,"0",163,"A",25,25,"GlaucP.cau",1,"Glauc","Yes",5
"53",0,"0",164,"A",25,25,"GlaucP.cau",2,"Glauc","Yes",5
"54",0,"0",165,"A",25,25,"GlaucP.cau",3,"Glauc","Yes",5
"55",0,"0",16,"B",19,19,"Glauc",4,"Glauc","No",5
"56",0,"0",17,"B",19,19,"Glauc",5,"Glauc","No",5
"57",0,"0",18,"B",19,19,"Glauc",6,"Glauc","No",5
"58",0,"0",34,"B",19,19,"GlaucP.cau",4,"Glauc","Yes",5
"59",0,"0",35,"B",19,19,"GlaucP.cau",5,"Glauc","Yes",5
"60",0,"0",36,"B",19,19,"GlaucP.cau",6,"Glauc","Yes",5
"61",0,"0",82,"B",22,22,"Glauc",4,"Glauc","No",5
"62",0,"0",83,"B",22,22,"Glauc",5,"Glauc","No",5
"63",0,"0",84,"B",22,22,"Glauc",6,"Glauc","No",5
"64",0,"0",100,"B",22,22,"GlaucP.cau",4,"Glauc","Yes",5
"65",0,"0",101,"B",22,22,"GlaucP.cau",5,"Glauc","Yes",5
"66",0,"0",102,"B",22,22,"GlaucP.cau",6,"Glauc","Yes",5
"67",0,"0",148,"B",25,25,"Glauc",4,"Glauc","No",5
"68",0,"0",149,"B",25,25,"Glauc",5,"Glauc","No",5
"69",0,"0",150,"B",25,25,"Glauc",6,"Glauc","No",5
"70",0,"0",166,"B",25,25,"GlaucP.cau",4,"Glauc","Yes",5
"71",0,"0",167,"B",25,25,"GlaucP.cau",5,"Glauc","Yes",5
"72",0,"0",168,"B",25,25,"GlaucP.cau",6,"Glauc","Yes",5
"73",0,"0",31,"A",19,19,"GlaucP.cau",1,"P.cau","Yes",0.5
"74",0,"0",32,"A",19,19,"GlaucP.cau",2,"P.cau","Yes",0.5
"75",0,"0",33,"A",19,19,"GlaucP.cau",3,"P.cau","Yes",0.5
"76",0,"0",19,"A",19,19,"P.cau",1,"P.cau","No",0.5
"77",0,"0",20,"A",19,19,"P.cau",2,"P.cau","No",0.5
"78",0,"0",21,"A",19,19,"P.cau",3,"P.cau","No",0.5
"79",0,"0",25,"A",19,19,"TetraP.cau",1,"P.cau","Yes",0.5
"80",0,"0",26,"A",19,19,"TetraP.cau",2,"P.cau","Yes",0.5
"81",0,"0",27,"A",19,19,"TetraP.cau",3,"P.cau","Yes",0.5
"82",0,"0",97,"A",22,22,"GlaucP.cau",1,"P.cau","Yes",0.5
"83",0,"0",98,"A",22,22,"GlaucP.cau",2,"P.cau","Yes",0.5
"84",0,"0",99,"A",22,22,"GlaucP.cau",3,"P.cau","Yes",0.5
"85",0,"0",85,"A",22,22,"P.cau",1,"P.cau","No",0.5
"86",0,"0",86,"A",22,22,"P.cau",2,"P.cau","No",0.5
"87",0,"0",87,"A",22,22,"P.cau",3,"P.cau","No",0.5
"88",0,"0",91,"A",22,22,"TetraP.cau",1,"P.cau","Yes",0.5
"89",0,"0",92,"A",22,22,"TetraP.cau",2,"P.cau","Yes",0.5
"90",0,"0",93,"A",22,22,"TetraP.cau",3,"P.cau","Yes",0.5
"91",0,"0",163,"A",25,25,"GlaucP.cau",1,"P.cau","Yes",0.5
"92",0,"0",164,"A",25,25,"GlaucP.cau",2,"P.cau","Yes",0.5
"93",0,"0",165,"A",25,25,"GlaucP.cau",3,"P.cau","Yes",0.5
"94",0,"0",151,"A",25,25,"P.cau",1,"P.cau","No",0.5
"95",0,"0",152,"A",25,25,"P.cau",2,"P.cau","No",0.5
"96",0,"0",153,"A",25,25,"P.cau",3,"P.cau","No",0.5
"97",0,"0",157,"A",25,25,"TetraP.cau",1,"P.cau","Yes",0.5
"98",0,"0",158,"A",25,25,"TetraP.cau",2,"P.cau","Yes",0.5
"99",0,"0",159,"A",25,25,"TetraP.cau",3,"P.cau","Yes",0.5
"100",0,"0",34,"B",19,19,"GlaucP.cau",4,"P.cau","Yes",0.5
"101",0,"0",35,"B",19,19,"GlaucP.cau",5,"P.cau","Yes",0.5
"102",0,"0",36,"B",19,19,"GlaucP.cau",6,"P.cau","Yes",0.5
"103",0,"0",22,"B",19,19,"P.cau",4,"P.cau","No",0.5
"104",0,"0",23,"B",19,19,"P.cau",5,"P.cau","No",0.5
"105",0,"0",24,"B",19,19,"P.cau",6,"P.cau","No",0.5
"106",0,"0",28,"B",19,19,"TetraP.cau",4,"P.cau","Yes",0.5
"107",0,"0",29,"B",19,19,"TetraP.cau",5,"P.cau","Yes",0.5
"108",0,"0",30,"B",19,19,"TetraP.cau",6,"P.cau","Yes",0.5
"109",0,"0",100,"B",22,22,"GlaucP.cau",4,"P.cau","Yes",0.5
"110",0,"0",101,"B",22,22,"GlaucP.cau",5,"P.cau","Yes",0.5
"111",0,"0",102,"B",22,22,"GlaucP.cau",6,"P.cau","Yes",0.5
"112",0,"0",88,"B",22,22,"P.cau",4,"P.cau","No",0.5
"113",0,"0",89,"B",22,22,"P.cau",5,"P.cau","No",0.5
"114",0,"0",90,"B",22,22,"P.cau",6,"P.cau","No",0.5
"115",0,"0",94,"B",22,22,"TetraP.cau",4,"P.cau","Yes",0.5
"116",0,"0",95,"B",22,22,"TetraP.cau",5,"P.cau","Yes",0.5
"117",0,"0",96,"B",22,22,"TetraP.cau",6,"P.cau","Yes",0.5
"118",0,"0",166,"B",25,25,"GlaucP.cau",4,"P.cau","Yes",0.5
"119",0,"0",167,"B",25,25,"GlaucP.cau",5,"P.cau","Yes",0.5
"120",0,"0",168,"B",25,25,"GlaucP.cau",6,"P.cau","Yes",0.5
"121",0,"0",154,"B",25,25,"P.cau",4,"P.cau","No",0.5
"122",0,"0",155,"B",25,25,"P.cau",5,"P.cau","No",0.5
"123",0,"0",156,"B",25,25,"P.cau",6,"P.cau","No",0.5
"124",0,"0",160,"B",25,25,"TetraP.cau",4,"P.cau","Yes",0.5
"125",0,"0",161,"B",25,25,"TetraP.cau",5,"P.cau","Yes",0.5
"126",0,"0",162,"B",25,25,"TetraP.cau",6,"P.cau","Yes",0.5
"127",5,"5",13,"A",19,19,"Glauc",1,"Glauc","No",750
"128",5,"5",14,"A",19,19,"Glauc",2,"Glauc","No",831
"129",5,"5",15,"A",19,19,"Glauc",3,"Glauc","No",704
"130",5,"5",31,"A",19,19,"GlaucP.cau",1,"Glauc","Yes",857
"131",5,"5",31,"A",19,19,"GlaucP.cau",1,"P.cau","Yes",1.43594
"132",5,"5",32,"A",19,19,"GlaucP.cau",2,"Glauc","Yes",1094
"133",5,"5",32,"A",19,19,"GlaucP.cau",2,"P.cau","Yes",0
"134",5,"5",33,"A",19,19,"GlaucP.cau",3,"Glauc","Yes",978
"135",5,"5",33,"A",19,19,"GlaucP.cau",3,"P.cau","Yes",2.94702
"136",5,"5",19,"A",19,19,"P.cau",1,"P.cau","No",2.77335
"137",5,"5",20,"A",19,19,"P.cau",2,"P.cau","No",1.39883
"138",5,"5",21,"A",19,19,"P.cau",3,"P.cau","No",5.52946
"139",5,"5",7,"A",19,19,"Tetra",1,"Tetra","No",1251
"140",5,"5",8,"A",19,19,"Tetra",2,"Tetra","No",1532
"141",5,"5",9,"A",19,19,"Tetra",3,"Tetra","No",1628
"142",5,"5",25,"A",19,19,"TetraP.cau",1,"Tetra","Yes",1637
"143",5,"5",25,"A",19,19,"TetraP.cau",1,"P.cau","Yes",0
"144",5,"5",26,"A",19,19,"TetraP.cau",2,"Tetra","Yes",603
"145",5,"5",26,"A",19,19,"TetraP.cau",2,"P.cau","Yes",1.43661
"146",5,"5",27,"A",19,19,"TetraP.cau",3,"Tetra","Yes",1038
"147",5,"5",27,"A",19,19,"TetraP.cau",3,"P.cau","Yes",0
"148",5,"5",79,"A",22,22,"Glauc",1,"Glauc","No",731
"149",5,"5",80,"A",22,22,"Glauc",2,"Glauc","No",966
"150",5,"5",81,"A",22,22,"Glauc",3,"Glauc","No",968
"151",5,"5",97,"A",22,22,"GlaucP.cau",1,"Glauc","Yes",972
"152",5,"5",97,"A",22,22,"GlaucP.cau",1,"P.cau","Yes",8.57904
"153",5,"5",98,"A",22,22,"GlaucP.cau",2,"Glauc","Yes",581
"154",5,"5",98,"A",22,22,"GlaucP.cau",2,"P.cau","Yes",7.03685
"155",5,"5",99,"A",22,22,"GlaucP.cau",3,"Glauc","Yes",557
"156",5,"5",99,"A",22,22,"GlaucP.cau",3,"P.cau","Yes",4.52552
"157",5,"5",85,"A",22,22,"P.cau",1,"P.cau","No",11
"158",5,"5",86,"A",22,22,"P.cau",2,"P.cau","No",20
"159",5,"5",87,"A",22,22,"P.cau",3,"P.cau","No",18
"160",5,"5",73,"A",22,22,"Tetra",1,"Tetra","No",2199
"161",5,"5",74,"A",22,22,"Tetra",2,"Tetra","No",1522
"162",5,"5",75,"A",22,22,"Tetra",3,"Tetra","No",1584
"163",5,"5",91,"A",22,22,"TetraP.cau",1,"Tetra","Yes",2679
"164",5,"5",91,"A",22,22,"TetraP.cau",1,"P.cau","Yes",0
"165",5,"5",92,"A",22,22,"TetraP.cau",2,"Tetra","Yes",766
"166",5,"5",92,"A",22,22,"TetraP.cau",2,"P.cau","Yes",11
"167",5,"5",93,"A",22,22,"TetraP.cau",3,"Tetra","Yes",836
"168",5,"5",93,"A",22,22,"TetraP.cau",3,"P.cau","Yes",18
"169",5,"5",145,"A",25,25,"Glauc",1,"Glauc","No",417
"170",5,"5",146,"A",25,25,"Glauc",2,"Glauc","No",529
"171",5,"5",147,"A",25,25,"Glauc",3,"Glauc","No",245
"172",5,"5",163,"A",25,25,"GlaucP.cau",1,"Glauc","Yes",375
"173",5,"5",163,"A",25,25,"GlaucP.cau",1,"P.cau","Yes",107
"174",5,"5",164,"A",25,25,"GlaucP.cau",2,"Glauc","Yes",1121
"175",5,"5",164,"A",25,25,"GlaucP.cau",2,"P.cau","Yes",70
"176",5,"5",165,"A",25,25,"GlaucP.cau",3,"Glauc","Yes",728
"177",5,"5",165,"A",25,25,"GlaucP.cau",3,"P.cau","Yes",136
"178",5,"5",151,"A",25,25,"P.cau",1,"P.cau","No",103
"179",5,"5",152,"A",25,25,"P.cau",2,"P.cau","No",157
"180",5,"5",153,"A",25,25,"P.cau",3,"P.cau","No",68
"181",5,"5",139,"A",25,25,"Tetra",1,"Tetra","No",981
"182",5,"5",140,"A",25,25,"Tetra",2,"Tetra","No",1060
"183",5,"5",141,"A",25,25,"Tetra",3,"Tetra","No",1197
"184",5,"5",157,"A",25,25,"TetraP.cau",1,"Tetra","Yes",372
"185",5,"5",157,"A",25,25,"TetraP.cau",1,"P.cau","Yes",123
"186",5,"5",158,"A",25,25,"TetraP.cau",2,"Tetra","Yes",322
"187",5,"5",158,"A",25,25,"TetraP.cau",2,"P.cau","Yes",117
"188",5,"5",159,"A",25,25,"TetraP.cau",3,"Tetra","Yes",441
"189",5,"5",159,"A",25,25,"TetraP.cau",3,"P.cau","Yes",107
"190",5,"5",16,"B",19,19,"Glauc",4,"Glauc","No",367
"191",5,"5",17,"B",19,19,"Glauc",5,"Glauc","No",1057
"192",5,"5",18,"B",19,19,"Glauc",6,"Glauc","No",915
"193",5,"5",34,"B",19,19,"GlaucP.cau",4,"Glauc","Yes",590
"194",5,"5",34,"B",19,19,"GlaucP.cau",4,"P.cau","Yes",0
"195",5,"5",35,"B",19,19,"GlaucP.cau",5,"Glauc","Yes",1665
"196",5,"5",35,"B",19,19,"GlaucP.cau",5,"P.cau","Yes",1.40119
"197",5,"5",36,"B",19,19,"GlaucP.cau",6,"Glauc","Yes",1521
"198",5,"5",36,"B",19,19,"GlaucP.cau",6,"P.cau","Yes",7.27794
"199",5,"5",22,"B",19,19,"P.cau",4,"P.cau","No",1.41152
"200",5,"5",23,"B",19,19,"P.cau",5,"P.cau","No",5.60982
"201",5,"5",24,"B",19,19,"P.cau",6,"P.cau","No",5.61488
"202",5,"5",10,"B",19,19,"Tetra",4,"Tetra","No",993
"203",5,"5",11,"B",19,19,"Tetra",5,"Tetra","No",1448
"204",5,"5",12,"B",19,19,"Tetra",6,"Tetra","No",1002
"205",5,"5",28,"B",19,19,"TetraP.cau",4,"Tetra","Yes",728
"206",5,"5",28,"B",19,19,"TetraP.cau",4,"P.cau","Yes",5.54918
"207",5,"5",29,"B",19,19,"TetraP.cau",5,"Tetra","Yes",1324
"208",5,"5",29,"B",19,19,"TetraP.cau",5,"P.cau","Yes",4.19508
"209",5,"5",30,"B",19,19,"TetraP.cau",6,"Tetra","Yes",744
"210",5,"5",30,"B",19,19,"TetraP.cau",6,"P.cau","Yes",0
"211",5,"5",82,"B",22,22,"Glauc",4,"Glauc","No",429
"212",5,"5",83,"B",22,22,"Glauc",5,"Glauc","No",802
"213",5,"5",84,"B",22,22,"Glauc",6,"Glauc","No",788
"214",5,"5",100,"B",22,22,"GlaucP.cau",4,"Glauc","Yes",732
"215",5,"5",100,"B",22,22,"GlaucP.cau",4,"P.cau","Yes",7.17972
"216",5,"5",101,"B",22,22,"GlaucP.cau",5,"Glauc","Yes",991
"217",5,"5",101,"B",22,22,"GlaucP.cau",5,"P.cau","Yes",19
"218",5,"5",102,"B",22,22,"GlaucP.cau",6,"Glauc","Yes",1364
"219",5,"5",102,"B",22,22,"GlaucP.cau",6,"P.cau","Yes",35
"220",5,"5",88,"B",22,22,"P.cau",4,"P.cau","No",7.0576
"221",5,"5",89,"B",22,22,"P.cau",5,"P.cau","No",18
"222",5,"5",90,"B",22,22,"P.cau",6,"P.cau","No",7.07123
"223",5,"5",76,"B",22,22,"Tetra",4,"Tetra","No",1194
"224",5,"5",77,"B",22,22,"Tetra",5,"Tetra","No",1691
"225",5,"5",78,"B",22,22,"Tetra",6,"Tetra","No",1172
"226",5,"5",94,"B",22,22,"TetraP.cau",4,"Tetra","Yes",428
"227",5,"5",94,"B",22,22,"TetraP.cau",4,"P.cau","Yes",11
"228",5,"5",95,"B",22,22,"TetraP.cau",5,"Tetra","Yes",1238
"229",5,"5",95,"B",22,22,"TetraP.cau",5,"P.cau","Yes",17
"230",5,"5",96,"B",22,22,"TetraP.cau",6,"Tetra","Yes",543
"231",5,"5",96,"B",22,22,"TetraP.cau",6,"P.cau","Yes",10
"232",5,"5",148,"B",25,25,"Glauc",4,"Glauc","No",310
"233",5,"5",149,"B",25,25,"Glauc",5,"Glauc","No",198
"234",5,"5",150,"B",25,25,"Glauc",6,"Glauc","No",156
"235",5,"5",166,"B",25,25,"GlaucP.cau",4,"Glauc","Yes",220
"236",5,"5",166,"B",25,25,"GlaucP.cau",4,"P.cau","Yes",96
"237",5,"5",167,"B",25,25,"GlaucP.cau",5,"Glauc","Yes",575
"238",5,"5",167,"B",25,25,"GlaucP.cau",5,"P.cau","Yes",131
"239",5,"5",168,"B",25,25,"GlaucP.cau",6,"Glauc","Yes",654
"240",5,"5",168,"B",25,25,"GlaucP.cau",6,"P.cau","Yes",79
"241",5,"5",154,"B",25,25,"P.cau",4,"P.cau","No",117
"242",5,"5",155,"B",25,25,"P.cau",5,"P.cau","No",153
"243",5,"5",156,"B",25,25,"P.cau",6,"P.cau","No",144
"244",5,"5",142,"B",25,25,"Tetra",4,"Tetra","No",810
"245",5,"5",143,"B",25,25,"Tetra",5,"Tetra","No",1170
"246",5,"5",144,"B",25,25,"Tetra",6,"Tetra","No",1323
"247",5,"5",160,"B",25,25,"TetraP.cau",4,"Tetra","Yes",763
"248",5,"5",160,"B",25,25,"TetraP.cau",4,"P.cau","Yes",169
"249",5,"5",161,"B",25,25,"TetraP.cau",5,"Tetra","Yes",363
"250",5,"5",161,"B",25,25,"TetraP.cau",5,"P.cau","Yes",107
"251",5,"5",162,"B",25,25,"TetraP.cau",6,"Tetra","Yes",318
"252",5,"5",162,"B",25,25,"TetraP.cau",6,"P.cau","Yes",120
"253",10,"10",13,"A",19,19,"Glauc",1,"Glauc","No",1735
"254",10,"10",14,"A",19,19,"Glauc",2,"Glauc","No",1593
"255",10,"10",15,"A",19,19,"Glauc",3,"Glauc","No",840
"256",10,"10",31,"A",19,19,"GlaucP.cau",1,"Glauc","Yes",878
"257",10,"10",31,"A",19,19,"GlaucP.cau",1,"P.cau","Yes",76
"258",10,"10",32,"A",19,19,"GlaucP.cau",2,"Glauc","Yes",903
"259",10,"10",32,"A",19,19,"GlaucP.cau",2,"P.cau","Yes",142
"260",10,"10",33,"A",19,19,"GlaucP.cau",3,"Glauc","Yes",664
"261",10,"10",33,"A",19,19,"GlaucP.cau",3,"P.cau","Yes",53
"262",10,"10",19,"A",19,19,"P.cau",1,"P.cau","No",166
"263",10,"10",20,"A",19,19,"P.cau",2,"P.cau","No",78
"264",10,"10",21,"A",19,19,"P.cau",3,"P.cau","No",124
"265",10,"10",7,"A",19,19,"Tetra",1,"Tetra","No",1800
"266",10,"10",8,"A",19,19,"Tetra",2,"Tetra","No",2018
"267",10,"10",9,"A",19,19,"Tetra",3,"Tetra","No",1880
"268",10,"10",25,"A",19,19,"TetraP.cau",1,"Tetra","Yes",2166
"269",10,"10",25,"A",19,19,"TetraP.cau",1,"P.cau","Yes",15
"270",10,"10",26,"A",19,19,"TetraP.cau",2,"Tetra","Yes",684
"271",10,"10",26,"A",19,19,"TetraP.cau",2,"P.cau","Yes",58
"272",10,"10",27,"A",19,19,"TetraP.cau",3,"Tetra","Yes",421
"273",10,"10",27,"A",19,19,"TetraP.cau",3,"P.cau","Yes",82
"274",10,"10",79,"A",22,22,"Glauc",1,"Glauc","No",522
"275",10,"10",80,"A",22,22,"Glauc",2,"Glauc","No",1413
"276",10,"10",81,"A",22,22,"Glauc",3,"Glauc","No",1683
"277",10,"10",97,"A",22,22,"GlaucP.cau",1,"Glauc","Yes",958
"278",10,"10",97,"A",22,22,"GlaucP.cau",1,"P.cau","Yes",108
"279",10,"10",98,"A",22,22,"GlaucP.cau",2,"Glauc","Yes",995
"280",10,"10",98,"A",22,22,"GlaucP.cau",2,"P.cau","Yes",135
"281",10,"10",99,"A",22,22,"GlaucP.cau",3,"Glauc","Yes",1060
"282",10,"10",99,"A",22,22,"GlaucP.cau",3,"P.cau","Yes",160
"283",10,"10",85,"A",22,22,"P.cau",1,"P.cau","No",187
"284",10,"10",86,"A",22,22,"P.cau",2,"P.cau","No",209
"285",10,"10",87,"A",22,22,"P.cau",3,"P.cau","No",147
"286",10,"10",73,"A",22,22,"Tetra",1,"Tetra","No",2845
"287",10,"10",74,"A",22,22,"Tetra",2,"Tetra","No",1995
"288",10,"10",75,"A",22,22,"Tetra",3,"Tetra","No",2023
"289",10,"10",91,"A",22,22,"TetraP.cau",1,"Tetra","Yes",3023
"290",10,"10",91,"A",22,22,"TetraP.cau",1,"P.cau","Yes",43
"291",10,"10",92,"A",22,22,"TetraP.cau",2,"Tetra","Yes",608
"292",10,"10",92,"A",22,22,"TetraP.cau",2,"P.cau","Yes",116
"293",10,"10",93,"A",22,22,"TetraP.cau",3,"Tetra","Yes",690
"294",10,"10",93,"A",22,22,"TetraP.cau",3,"P.cau","Yes",179
"295",10,"10",145,"A",25,25,"Glauc",1,"Glauc","No",447
"296",10,"10",146,"A",25,25,"Glauc",2,"Glauc","No",819
"297",10,"10",147,"A",25,25,"Glauc",3,"Glauc","No",952
"298",10,"10",163,"A",25,25,"GlaucP.cau",1,"Glauc","Yes",402
"299",10,"10",163,"A",25,25,"GlaucP.cau",1,"P.cau","Yes",81
"300",10,"10",164,"A",25,25,"GlaucP.cau",2,"Glauc","Yes",1028
"301",10,"10",164,"A",25,25,"GlaucP.cau",2,"P.cau","Yes",369
"302",10,"10",165,"A",25,25,"GlaucP.cau",3,"Glauc","Yes",717
"303",10,"10",165,"A",25,25,"GlaucP.cau",3,"P.cau","Yes",261
"304",10,"10",151,"A",25,25,"P.cau",1,"P.cau","No",186
"305",10,"10",152,"A",25,25,"P.cau",2,"P.cau","No",190
"306",10,"10",153,"A",25,25,"P.cau",3,"P.cau","No",211
"307",10,"10",139,"A",25,25,"Tetra",1,"Tetra","No",1383
"308",10,"10",140,"A",25,25,"Tetra",2,"Tetra","No",1155
"309",10,"10",141,"A",25,25,"Tetra",3,"Tetra","No",1434
"310",10,"10",157,"A",25,25,"TetraP.cau",1,"Tetra","Yes",493
"311",10,"10",157,"A",25,25,"TetraP.cau",1,"P.cau","Yes",168
"312",10,"10",158,"A",25,25,"TetraP.cau",2,"Tetra","Yes",581
"313",10,"10",158,"A",25,25,"TetraP.cau",2,"P.cau","Yes",298
"314",10,"10",159,"A",25,25,"TetraP.cau",3,"Tetra","Yes",822
"315",10,"10",159,"A",25,25,"TetraP.cau",3,"P.cau","Yes",263
"316",10,"10",16,"B",19,19,"Glauc",4,"Glauc","No",1166
"317",10,"10",17,"B",19,19,"Glauc",5,"Glauc","No",888
"318",10,"10",18,"B",19,19,"Glauc",6,"Glauc","No",854
"319",10,"10",34,"B",19,19,"GlaucP.cau",4,"Glauc","Yes",845
"320",10,"10",34,"B",19,19,"GlaucP.cau",4,"P.cau","Yes",18
"321",10,"10",35,"B",19,19,"GlaucP.cau",5,"Glauc","Yes",1042
"322",10,"10",35,"B",19,19,"GlaucP.cau",5,"P.cau","Yes",106
"323",10,"10",36,"B",19,19,"GlaucP.cau",6,"Glauc","Yes",1086
"324",10,"10",36,"B",19,19,"GlaucP.cau",6,"P.cau","Yes",41
"325",10,"10",22,"B",19,19,"P.cau",4,"P.cau","No",29
"326",10,"10",23,"B",19,19,"P.cau",5,"P.cau","No",93
"327",10,"10",24,"B",19,19,"P.cau",6,"P.cau","No",145
"328",10,"10",10,"B",19,19,"Tetra",4,"Tetra","No",1690
"329",10,"10",11,"B",19,19,"Tetra",5,"Tetra","No",1935
"330",10,"10",12,"B",19,19,"Tetra",6,"Tetra","No",1125
"331",10,"10",28,"B",19,19,"TetraP.cau",4,"Tetra","Yes",327
"332",10,"10",28,"B",19,19,"TetraP.cau",4,"P.cau","Yes",38
"333",10,"10",29,"B",19,19,"TetraP.cau",5,"Tetra","Yes",1078
"334",10,"10",29,"B",19,19,"TetraP.cau",5,"P.cau","Yes",99
"335",10,"10",30,"B",19,19,"TetraP.cau",6,"Tetra","Yes",589
"336",10,"10",30,"B",19,19,"TetraP.cau",6,"P.cau","Yes",51
"337",10,"10",82,"B",22,22,"Glauc",4,"Glauc","No",732
"338",10,"10",83,"B",22,22,"Glauc",5,"Glauc","No",1413
"339",10,"10",84,"B",22,22,"Glauc",6,"Glauc","No",1657
"340",10,"10",100,"B",22,22,"GlaucP.cau",4,"Glauc","Yes",1100
"341",10,"10",100,"B",22,22,"GlaucP.cau",4,"P.cau","Yes",50
"342",10,"10",101,"B",22,22,"GlaucP.cau",5,"Glauc","Yes",1474
"343",10,"10",101,"B",22,22,"GlaucP.cau",5,"P.cau","Yes",60
"344",10,"10",102,"B",22,22,"GlaucP.cau",6,"Glauc","Yes",1018
"345",10,"10",102,"B",22,22,"GlaucP.cau",6,"P.cau","Yes",94
"346",10,"10",88,"B",22,22,"P.cau",4,"P.cau","No",68
"347",10,"10",89,"B",22,22,"P.cau",5,"P.cau","No",199
"348",10,"10",90,"B",22,22,"P.cau",6,"P.cau","No",191
"349",10,"10",76,"B",22,22,"Tetra",4,"Tetra","No",1423
"350",10,"10",77,"B",22,22,"Tetra",5,"Tetra","No",1857
"351",10,"10",78,"B",22,22,"Tetra",6,"Tetra","No",1841
"352",10,"10",94,"B",22,22,"TetraP.cau",4,"Tetra","Yes",891
"353",10,"10",94,"B",22,22,"TetraP.cau",4,"P.cau","Yes",87
"354",10,"10",95,"B",22,22,"TetraP.cau",5,"Tetra","Yes",1594
"355",10,"10",95,"B",22,22,"TetraP.cau",5,"P.cau","Yes",99
"356",10,"10",96,"B",22,22,"TetraP.cau",6,"Tetra","Yes",193
"357",10,"10",96,"B",22,22,"TetraP.cau",6,"P.cau","Yes",94
"358",10,"10",148,"B",25,25,"Glauc",4,"Glauc","No",373
"359",10,"10",149,"B",25,25,"Glauc",5,"Glauc","No",521
"360",10,"10",150,"B",25,25,"Glauc",6,"Glauc","No",520
"361",10,"10",166,"B",25,25,"GlaucP.cau",4,"Glauc","Yes",686
"362",10,"10",166,"B",25,25,"GlaucP.cau",4,"P.cau","Yes",169
"363",10,"10",167,"B",25,25,"GlaucP.cau",5,"Glauc","Yes",488
"364",10,"10",167,"B",25,25,"GlaucP.cau",5,"P.cau","Yes",161
"365",10,"10",168,"B",25,25,"GlaucP.cau",6,"Glauc","Yes",386
"366",10,"10",168,"B",25,25,"GlaucP.cau",6,"P.cau","Yes",83
"367",10,"10",154,"B",25,25,"P.cau",4,"P.cau","No",165
"368",10,"10",155,"B",25,25,"P.cau",5,"P.cau","No",201
"369",10,"10",156,"B",25,25,"P.cau",6,"P.cau","No",287
"370",10,"10",142,"B",25,25,"Tetra",4,"Tetra","No",733
"371",10,"10",143,"B",25,25,"Tetra",5,"Tetra","No",2010
"372",10,"10",144,"B",25,25,"Tetra",6,"Tetra","No",1712
"373",10,"10",160,"B",25,25,"TetraP.cau",4,"Tetra","Yes",442
"374",10,"10",160,"B",25,25,"TetraP.cau",4,"P.cau","Yes",81
"375",10,"10",161,"B",25,25,"TetraP.cau",5,"Tetra","Yes",512
"376",10,"10",161,"B",25,25,"TetraP.cau",5,"P.cau","Yes",177
"377",10,"10",162,"B",25,25,"TetraP.cau",6,"Tetra","Yes",626
"378",10,"10",162,"B",25,25,"TetraP.cau",6,"P.cau","Yes",144
"379",15,"15",13,"A",19,19,"Glauc",1,"Glauc","No",1254
"380",15,"15",14,"A",19,19,"Glauc",2,"Glauc","No",1668
"381",15,"15",15,"A",19,19,"Glauc",3,"Glauc","No",2499
"382",15,"15",31,"A",19,19,"GlaucP.cau",1,"Glauc","Yes",866
"383",15,"15",31,"A",19,19,"GlaucP.cau",1,"P.cau","Yes",107
"384",15,"15",32,"A",19,19,"GlaucP.cau",2,"Glauc","Yes",836
"385",15,"15",32,"A",19,19,"GlaucP.cau",2,"P.cau","Yes",131
"386",15,"15",33,"A",19,19,"GlaucP.cau",3,"Glauc","Yes",853
"387",15,"15",33,"A",19,19,"GlaucP.cau",3,"P.cau","Yes",71
"388",15,"15",19,"A",19,19,"P.cau",1,"P.cau","No",17
"389",15,"15",20,"A",19,19,"P.cau",2,"P.cau","No",65
"390",15,"15",21,"A",19,19,"P.cau",3,"P.cau","No",56
"391",15,"15",7,"A",19,19,"Tetra",1,"Tetra","No",1499
"392",15,"15",8,"A",19,19,"Tetra",2,"Tetra","No",2037
"393",15,"15",9,"A",19,19,"Tetra",3,"Tetra","No",1940
"394",15,"15",25,"A",19,19,"TetraP.cau",1,"Tetra","Yes",2166
"395",15,"15",25,"A",19,19,"TetraP.cau",1,"P.cau","Yes",2.84758
"396",15,"15",26,"A",19,19,"TetraP.cau",2,"Tetra","Yes",801
"397",15,"15",26,"A",19,19,"TetraP.cau",2,"P.cau","Yes",57
"398",15,"15",27,"A",19,19,"TetraP.cau",3,"Tetra","Yes",590
"399",15,"15",27,"A",19,19,"TetraP.cau",3,"P.cau","Yes",81
"400",15,"15",79,"A",22,22,"Glauc",1,"Glauc","No",1295
"401",15,"15",80,"A",22,22,"Glauc",2,"Glauc","No",1612
"402",15,"15",81,"A",22,22,"Glauc",3,"Glauc","No",2134
"403",15,"15",97,"A",22,22,"GlaucP.cau",1,"Glauc","Yes",775
"404",15,"15",97,"A",22,22,"GlaucP.cau",1,"P.cau","Yes",157
"405",15,"15",98,"A",22,22,"GlaucP.cau",2,"Glauc","Yes",1063
"406",15,"15",98,"A",22,22,"GlaucP.cau",2,"P.cau","Yes",167
"407",15,"15",99,"A",22,22,"GlaucP.cau",3,"Glauc","Yes",1064
"408",15,"15",99,"A",22,22,"GlaucP.cau",3,"P.cau","Yes",193
"409",15,"15",85,"A",22,22,"P.cau",1,"P.cau","No",63
"410",15,"15",86,"A",22,22,"P.cau",2,"P.cau","No",227
"411",15,"15",87,"A",22,22,"P.cau",3,"P.cau","No",167
"412",15,"15",73,"A",22,22,"Tetra",1,"Tetra","No",2879
"413",15,"15",74,"A",22,22,"Tetra",2,"Tetra","No",2101
"414",15,"15",75,"A",22,22,"Tetra",3,"Tetra","No",2234
"415",15,"15",91,"A",22,22,"TetraP.cau",1,"Tetra","Yes",3318
"416",15,"15",91,"A",22,22,"TetraP.cau",1,"P.cau","Yes",4.47187
"417",15,"15",92,"A",22,22,"TetraP.cau",2,"Tetra","Yes",805
"418",15,"15",92,"A",22,22,"TetraP.cau",2,"P.cau","Yes",99
"419",15,"15",93,"A",22,22,"TetraP.cau",3,"Tetra","Yes",728
"420",15,"15",93,"A",22,22,"TetraP.cau",3,"P.cau","Yes",166
"421",15,"15",145,"A",25,25,"Glauc",1,"Glauc","No",523
"422",15,"15",146,"A",25,25,"Glauc",2,"Glauc","No",1137
"423",15,"15",147,"A",25,25,"Glauc",3,"Glauc","No",1047
"424",15,"15",163,"A",25,25,"GlaucP.cau",1,"Glauc","Yes",454
"425",15,"15",163,"A",25,25,"GlaucP.cau",1,"P.cau","Yes",121
"426",15,"15",164,"A",25,25,"GlaucP.cau",2,"Glauc","Yes",985
"427",15,"15",164,"A",25,25,"GlaucP.cau",2,"P.cau","Yes",196
"428",15,"15",165,"A",25,25,"GlaucP.cau",3,"Glauc","Yes",536
"429",15,"15",165,"A",25,25,"GlaucP.cau",3,"P.cau","Yes",108
"430",15,"15",151,"A",25,25,"P.cau",1,"P.cau","No",145
"431",15,"15",152,"A",25,25,"P.cau",2,"P.cau","No",220
"432",15,"15",153,"A",25,25,"P.cau",3,"P.cau","No",34
"433",15,"15",139,"A",25,25,"Tetra",1,"Tetra","No",1585
"434",15,"15",140,"A",25,25,"Tetra",2,"Tetra","No",912
"435",15,"15",141,"A",25,25,"Tetra",3,"Tetra","No",1467
"436",15,"15",157,"A",25,25,"TetraP.cau",1,"Tetra","Yes",530
"437",15,"15",157,"A",25,25,"TetraP.cau",1,"P.cau","Yes",114
"438",15,"15",158,"A",25,25,"TetraP.cau",2,"Tetra","Yes",434
"439",15,"15",158,"A",25,25,"TetraP.cau",2,"P.cau","Yes",99
"440",15,"15",159,"A",25,25,"TetraP.cau",3,"Tetra","Yes",543
"441",15,"15",159,"A",25,25,"TetraP.cau",3,"P.cau","Yes",170
"442",15,"15",16,"B",19,19,"Glauc",4,"Glauc","No",1263
"443",15,"15",17,"B",19,19,"Glauc",5,"Glauc","No",1740
"444",15,"15",18,"B",19,19,"Glauc",6,"Glauc","No",1529
"445",15,"15",34,"B",19,19,"GlaucP.cau",4,"Glauc","Yes",946
"446",15,"15",34,"B",19,19,"GlaucP.cau",4,"P.cau","Yes",18
"447",15,"15",35,"B",19,19,"GlaucP.cau",5,"Glauc","Yes",912
"448",15,"15",35,"B",19,19,"GlaucP.cau",5,"P.cau","Yes",90
"449",15,"15",36,"B",19,19,"GlaucP.cau",6,"Glauc","Yes",1209
"450",15,"15",36,"B",19,19,"GlaucP.cau",6,"P.cau","Yes",118
"451",15,"15",22,"B",19,19,"P.cau",4,"P.cau","No",51
"452",15,"15",23,"B",19,19,"P.cau",5,"P.cau","No",161
"453",15,"15",24,"B",19,19,"P.cau",6,"P.cau","No",118
"454",15,"15",10,"B",19,19,"Tetra",4,"Tetra","No",1891
"455",15,"15",11,"B",19,19,"Tetra",5,"Tetra","No",2109
"456",15,"15",12,"B",19,19,"Tetra",6,"Tetra","No",1147
"457",15,"15",28,"B",19,19,"TetraP.cau",4,"Tetra","Yes",464
"458",15,"15",28,"B",19,19,"TetraP.cau",4,"P.cau","Yes",75
"459",15,"15",29,"B",19,19,"TetraP.cau",5,"Tetra","Yes",1093
"460",15,"15",29,"B",19,19,"TetraP.cau",5,"P.cau","Yes",105
"461",15,"15",30,"B",19,19,"TetraP.cau",6,"Tetra","Yes",691
"462",15,"15",30,"B",19,19,"TetraP.cau",6,"P.cau","Yes",71
"463",15,"15",82,"B",22,22,"Glauc",4,"Glauc","No",1036
"464",15,"15",83,"B",22,22,"Glauc",5,"Glauc","No",1703
"465",15,"15",84,"B",22,22,"Glauc",6,"Glauc","No",1678
"466",15,"15",100,"B",22,22,"GlaucP.cau",4,"Glauc","Yes",824
"467",15,"15",100,"B",22,22,"GlaucP.cau",4,"P.cau","Yes",24
"468",15,"15",101,"B",22,22,"GlaucP.cau",5,"Glauc","Yes",1055
"469",15,"15",101,"B",22,22,"GlaucP.cau",5,"P.cau","Yes",76
"470",15,"15",102,"B",22,22,"GlaucP.cau",6,"Glauc","Yes",1083
"471",15,"15",102,"B",22,22,"GlaucP.cau",6,"P.cau","Yes",56
"472",15,"15",88,"B",22,22,"P.cau",4,"P.cau","No",36
"473",15,"15",89,"B",22,22,"P.cau",5,"P.cau","No",114
"474",15,"15",90,"B",22,22,"P.cau",6,"P.cau","No",248
"475",15,"15",76,"B",22,22,"Tetra",4,"Tetra","No",1682
"476",15,"15",77,"B",22,22,"Tetra",5,"Tetra","No",1836
"477",15,"15",78,"B",22,22,"Tetra",6,"Tetra","No",1448
"478",15,"15",94,"B",22,22,"TetraP.cau",4,"Tetra","Yes",793
"479",15,"15",94,"B",22,22,"TetraP.cau",4,"P.cau","Yes",113
"480",15,"15",95,"B",22,22,"TetraP.cau",5,"Tetra","Yes",1159
"481",15,"15",95,"B",22,22,"TetraP.cau",5,"P.cau","Yes",203
"482",15,"15",96,"B",22,22,"TetraP.cau",6,"Tetra","Yes",321
"483",15,"15",96,"B",22,22,"TetraP.cau",6,"P.cau","Yes",144
"484",15,"15",148,"B",25,25,"Glauc",4,"Glauc","No",487
"485",15,"15",149,"B",25,25,"Glauc",5,"Glauc","No",853
"486",15,"15",150,"B",25,25,"Glauc",6,"Glauc","No",606
"487",15,"15",166,"B",25,25,"GlaucP.cau",4,"Glauc","Yes",316
"488",15,"15",166,"B",25,25,"GlaucP.cau",4,"P.cau","Yes",73
"489",15,"15",167,"B",25,25,"GlaucP.cau",5,"Glauc","Yes",595
"490",15,"15",167,"B",25,25,"GlaucP.cau",5,"P.cau","Yes",153
"491",15,"15",168,"B",25,25,"GlaucP.cau",6,"Glauc","Yes",566
"492",15,"15",168,"B",25,25,"GlaucP.cau",6,"P.cau","Yes",170
"493",15,"15",154,"B",25,25,"P.cau",4,"P.cau","No",65
"494",15,"15",155,"B",25,25,"P.cau",5,"P.cau","No",208
"495",15,"15",156,"B",25,25,"P.cau",6,"P.cau","No",232
"496",15,"15",142,"B",25,25,"Tetra",4,"Tetra","No",972
"497",15,"15",143,"B",25,25,"Tetra",5,"Tetra","No",1934
"498",15,"15",144,"B",25,25,"Tetra",6,"Tetra","No",2052
"499",15,"15",160,"B",25,25,"TetraP.cau",4,"Tetra","Yes",611
"500",15,"15",160,"B",25,25,"TetraP.cau",4,"P.cau","Yes",130
"501",15,"15",161,"B",25,25,"TetraP.cau",5,"Tetra","Yes",263
"502",15,"15",161,"B",25,25,"TetraP.cau",5,"P.cau","Yes",62
"503",15,"15",162,"B",25,25,"TetraP.cau",6,"Tetra","Yes",640
"504",15,"15",162,"B",25,25,"TetraP.cau",6,"P.cau","Yes",161
"505",NA,NA,NA,"",NA,NA,"",NA,"","",NA
"506",NA,NA,NA,"",NA,NA,"",NA,"","",NA
"507",NA,NA,NA,"",NA,NA,"",NA,"","",NA
"508",NA,NA,NA,"",NA,NA,"",NA,"","",NA
"509",NA,NA,NA,"",NA,NA,"",NA,"","",NA
"510",NA,NA,NA,"",NA,NA,"",NA,"","",NA
"511",NA,NA,NA,"",NA,NA,"",NA,"","",NA
"512",NA,NA,NA,"",NA,NA,"",NA,"","",NA
"513",NA,NA,NA,"",NA,NA,"",NA,"","",NA
"514",NA,NA,NA,"",NA,NA,"",NA,"","",NA
"515",NA,NA,NA,"",NA,NA,"",NA,"","",NA
"516",NA,NA,NA,"",NA,NA,"",NA,"","",NA
"517",NA,NA,NA,"",NA,NA,"",NA,"","",NA
"518",NA,NA,NA,"",NA,NA,"",NA,"","",NA
"519",NA,NA,NA,"",NA,NA,"",NA,"","",NA
"520",NA,NA,NA,"",NA,NA,"",NA,"","",NA
"521",NA,NA,NA,"",NA,NA,"",NA,"","",NA
"522",NA,NA,NA,"",NA,NA,"",NA,"","",NA
"523",NA,NA,NA,"",NA,NA,"",NA,"","",NA
"524",NA,NA,NA,"",NA,NA,"",NA,"","",NA
"525",NA,NA,NA,"",NA,NA,"",NA,"","",NA
"526",NA,NA,NA,"",NA,NA,"",NA,"","",NA
"527",NA,NA,NA,"",NA,NA,"",NA,"","",NA
"528",NA,NA,NA,"",NA,NA,"",NA,"","",NA
"529",NA,NA,NA,"",NA,NA,"",NA,"","",NA
"530",NA,NA,NA,"",NA,NA,"",NA,"","",NA
"531",NA,NA,NA,"",NA,NA,"",NA,"","",NA
"532",NA,NA,NA,"",NA,NA,"",NA,"","",NA
"533",NA,NA,NA,"",NA,NA,"",NA,"","",NA
"534",NA,NA,NA,"",NA,NA,"",NA,"","",NA
"535",NA,NA,NA,"",NA,NA,"",NA,"","",NA
"536",NA,NA,NA,"",NA,NA,"",NA,"","",NA
"537",NA,NA,NA,"",NA,NA,"",NA,"","",NA
"538",NA,NA,NA,"",NA,NA,"",NA,"","",NA
"539",NA,NA,NA,"",NA,NA,"",NA,"","",NA
"540",NA,NA,NA,"",NA,NA,"",NA,"","",NA
"541",NA,NA,NA,"",NA,NA,"",NA,"","",NA
"542",NA,NA,NA,"",NA,NA,"",NA,"","",NA
"543",NA,NA,NA,"",NA,NA,"",NA,"","",NA
"544",NA,NA,NA,"",NA,NA,"",NA,"","",NA
"545",NA,NA,NA,"",NA,NA,"",NA,"","",NA
"546",NA,NA,NA,"",NA,NA,"",NA,"","",NA
