"Day","Day_f","Jar","Temp","Temp_f","Trt","Rep","Strain","PredComp","Strain_day","Temp_Day","Block","Count","Freq","Dens","lnDens"
0,"0",1,19,"19","Control","1","VFL1-1","Control","VFL1-1 _ 0","19 _ 0","A",60,0.5,2000,7.60140233458373
0,"0",1,19,"19","Control","1","WT-mNG","Control","WT-mNG _ 0","19 _ 0","A",60,0.5,2000,7.60140233458373
0,"0",2,19,"19","Control","2","VFL1-1","Control","VFL1-1 _ 0","19 _ 0","A",60,0.5,2000,7.60140233458373
0,"0",2,19,"19","Control","2","WT-mNG","Control","WT-mNG _ 0","19 _ 0","A",60,0.5,2000,7.60140233458373
0,"0",3,19,"19","Control","3","VFL1-1","Control","VFL1-1 _ 0","19 _ 0","A",60,0.5,2000,7.60140233458373
0,"0",3,19,"19","Control","3","WT-mNG","Control","WT-mNG _ 0","19 _ 0","A",60,0.5,2000,7.60140233458373
0,"0",4,19,"19","Control","4","VFL1-1","Control","VFL1-1 _ 0","19 _ 0","B",60,0.5,2000,7.60140233458373
0,"0",4,19,"19","Control","4","WT-mNG","Control","WT-mNG _ 0","19 _ 0","B",60,0.5,2000,7.60140233458373
0,"0",5,19,"19","Control","5","VFL1-1","Control","VFL1-1 _ 0","19 _ 0","B",60,0.5,2000,7.60140233458373
0,"0",5,19,"19","Control","5","WT-mNG","Control","WT-mNG _ 0","19 _ 0","B",60,0.5,2000,7.60140233458373
0,"0",6,19,"19","Control","6","VFL1-1","Control","VFL1-1 _ 0","19 _ 0","B",60,0.5,2000,7.60140233458373
0,"0",6,19,"19","Control","6","WT-mNG","Control","WT-mNG _ 0","19 _ 0","B",60,0.5,2000,7.60140233458373
0,"0",7,19,"19","Tetra","1","VFL1-1","No","VFL1-1 _ 0","19 _ 0","A",60,0.5,2000,7.60140233458373
0,"0",7,19,"19","Tetra","1","WT-mNG","No","WT-mNG _ 0","19 _ 0","A",60,0.5,2000,7.60140233458373
0,"0",8,19,"19","Tetra","2","VFL1-1","No","VFL1-1 _ 0","19 _ 0","A",60,0.5,2000,7.60140233458373
0,"0",8,19,"19","Tetra","2","WT-mNG","No","WT-mNG _ 0","19 _ 0","A",60,0.5,2000,7.60140233458373
0,"0",9,19,"19","Tetra","3","VFL1-1","No","VFL1-1 _ 0","19 _ 0","A",60,0.5,2000,7.60140233458373
0,"0",9,19,"19","Tetra","3","WT-mNG","No","WT-mNG _ 0","19 _ 0","A",60,0.5,2000,7.60140233458373
0,"0",10,19,"19","Tetra","4","VFL1-1","No","VFL1-1 _ 0","19 _ 0","B",60,0.5,2000,7.60140233458373
0,"0",10,19,"19","Tetra","4","WT-mNG","No","WT-mNG _ 0","19 _ 0","B",60,0.5,2000,7.60140233458373
0,"0",11,19,"19","Tetra","5","VFL1-1","No","VFL1-1 _ 0","19 _ 0","B",60,0.5,2000,7.60140233458373
0,"0",11,19,"19","Tetra","5","WT-mNG","No","WT-mNG _ 0","19 _ 0","B",60,0.5,2000,7.60140233458373
0,"0",12,19,"19","Tetra","6","VFL1-1","No","VFL1-1 _ 0","19 _ 0","B",60,0.5,2000,7.60140233458373
0,"0",12,19,"19","Tetra","6","WT-mNG","No","WT-mNG _ 0","19 _ 0","B",60,0.5,2000,7.60140233458373
0,"0",13,19,"19","Glauc","1","VFL1-1","No","VFL1-1 _ 0","19 _ 0","A",60,0.5,2000,7.60140233458373
0,"0",13,19,"19","Glauc","1","WT-mNG","No","WT-mNG _ 0","19 _ 0","A",60,0.5,2000,7.60140233458373
0,"0",14,19,"19","Glauc","2","VFL1-1","No","VFL1-1 _ 0","19 _ 0","A",60,0.5,2000,7.60140233458373
0,"0",14,19,"19","Glauc","2","WT-mNG","No","WT-mNG _ 0","19 _ 0","A",60,0.5,2000,7.60140233458373
0,"0",15,19,"19","Glauc","3","VFL1-1","No","VFL1-1 _ 0","19 _ 0","A",60,0.5,2000,7.60140233458373
0,"0",15,19,"19","Glauc","3","WT-mNG","No","WT-mNG _ 0","19 _ 0","A",60,0.5,2000,7.60140233458373
0,"0",16,19,"19","Glauc","4","VFL1-1","No","VFL1-1 _ 0","19 _ 0","B",60,0.5,2000,7.60140233458373
0,"0",16,19,"19","Glauc","4","WT-mNG","No","WT-mNG _ 0","19 _ 0","B",60,0.5,2000,7.60140233458373
0,"0",17,19,"19","Glauc","5","VFL1-1","No","VFL1-1 _ 0","19 _ 0","B",60,0.5,2000,7.60140233458373
0,"0",17,19,"19","Glauc","5","WT-mNG","No","WT-mNG _ 0","19 _ 0","B",60,0.5,2000,7.60140233458373
0,"0",18,19,"19","Glauc","6","VFL1-1","No","VFL1-1 _ 0","19 _ 0","B",60,0.5,2000,7.60140233458373
0,"0",18,19,"19","Glauc","6","WT-mNG","No","WT-mNG _ 0","19 _ 0","B",60,0.5,2000,7.60140233458373
0,"0",19,19,"19","P.cau","1","VFL1-1","No","VFL1-1 _ 0","19 _ 0","A",60,0.5,2000,7.60140233458373
0,"0",19,19,"19","P.cau","1","WT-mNG","No","WT-mNG _ 0","19 _ 0","A",60,0.5,2000,7.60140233458373
0,"0",20,19,"19","P.cau","2","VFL1-1","No","VFL1-1 _ 0","19 _ 0","A",60,0.5,2000,7.60140233458373
0,"0",20,19,"19","P.cau","2","WT-mNG","No","WT-mNG _ 0","19 _ 0","A",60,0.5,2000,7.60140233458373
0,"0",21,19,"19","P.cau","3","VFL1-1","No","VFL1-1 _ 0","19 _ 0","A",60,0.5,2000,7.60140233458373
0,"0",21,19,"19","P.cau","3","WT-mNG","No","WT-mNG _ 0","19 _ 0","A",60,0.5,2000,7.60140233458373
0,"0",22,19,"19","P.cau","4","VFL1-1","No","VFL1-1 _ 0","19 _ 0","B",60,0.5,2000,7.60140233458373
0,"0",22,19,"19","P.cau","4","WT-mNG","No","WT-mNG _ 0","19 _ 0","B",60,0.5,2000,7.60140233458373
0,"0",23,19,"19","P.cau","5","VFL1-1","No","VFL1-1 _ 0","19 _ 0","B",60,0.5,2000,7.60140233458373
0,"0",23,19,"19","P.cau","5","WT-mNG","No","WT-mNG _ 0","19 _ 0","B",60,0.5,2000,7.60140233458373
0,"0",24,19,"19","P.cau","6","VFL1-1","No","VFL1-1 _ 0","19 _ 0","B",60,0.5,2000,7.60140233458373
0,"0",24,19,"19","P.cau","6","WT-mNG","No","WT-mNG _ 0","19 _ 0","B",60,0.5,2000,7.60140233458373
0,"0",26,19,"19","TetraP.cau","2","VFL1-1","Yes","VFL1-1 _ 0","19 _ 0","A",60,0.5,2000,7.60140233458373
0,"0",26,19,"19","TetraP.cau","2","WT-mNG","Yes","WT-mNG _ 0","19 _ 0","A",60,0.5,2000,7.60140233458373
0,"0",27,19,"19","TetraP.cau","3","VFL1-1","Yes","VFL1-1 _ 0","19 _ 0","A",60,0.5,2000,7.60140233458373
0,"0",27,19,"19","TetraP.cau","3","WT-mNG","Yes","WT-mNG _ 0","19 _ 0","A",60,0.5,2000,7.60140233458373
0,"0",28,19,"19","TetraP.cau","4","VFL1-1","Yes","VFL1-1 _ 0","19 _ 0","B",60,0.5,2000,7.60140233458373
0,"0",28,19,"19","TetraP.cau","4","WT-mNG","Yes","WT-mNG _ 0","19 _ 0","B",60,0.5,2000,7.60140233458373
0,"0",29,19,"19","TetraP.cau","5","VFL1-1","Yes","VFL1-1 _ 0","19 _ 0","B",60,0.5,2000,7.60140233458373
0,"0",29,19,"19","TetraP.cau","5","WT-mNG","Yes","WT-mNG _ 0","19 _ 0","B",60,0.5,2000,7.60140233458373
0,"0",30,19,"19","TetraP.cau","6","VFL1-1","Yes","VFL1-1 _ 0","19 _ 0","B",60,0.5,2000,7.60140233458373
0,"0",30,19,"19","TetraP.cau","6","WT-mNG","Yes","WT-mNG _ 0","19 _ 0","B",60,0.5,2000,7.60140233458373
0,"0",31,19,"19","GlaucP.cau","1","VFL1-1","Yes","VFL1-1 _ 0","19 _ 0","A",60,0.5,2000,7.60140233458373
0,"0",31,19,"19","GlaucP.cau","1","WT-mNG","Yes","WT-mNG _ 0","19 _ 0","A",60,0.5,2000,7.60140233458373
0,"0",32,19,"19","GlaucP.cau","2","VFL1-1","Yes","VFL1-1 _ 0","19 _ 0","A",60,0.5,2000,7.60140233458373
0,"0",32,19,"19","GlaucP.cau","2","WT-mNG","Yes","WT-mNG _ 0","19 _ 0","A",60,0.5,2000,7.60140233458373
0,"0",33,19,"19","GlaucP.cau","3","VFL1-1","Yes","VFL1-1 _ 0","19 _ 0","A",60,0.5,2000,7.60140233458373
0,"0",33,19,"19","GlaucP.cau","3","WT-mNG","Yes","WT-mNG _ 0","19 _ 0","A",60,0.5,2000,7.60140233458373
0,"0",34,19,"19","GlaucP.cau","4","VFL1-1","Yes","VFL1-1 _ 0","19 _ 0","B",60,0.5,2000,7.60140233458373
0,"0",34,19,"19","GlaucP.cau","4","WT-mNG","Yes","WT-mNG _ 0","19 _ 0","B",60,0.5,2000,7.60140233458373
0,"0",35,19,"19","GlaucP.cau","5","VFL1-1","Yes","VFL1-1 _ 0","19 _ 0","B",60,0.5,2000,7.60140233458373
0,"0",35,19,"19","GlaucP.cau","5","WT-mNG","Yes","WT-mNG _ 0","19 _ 0","B",60,0.5,2000,7.60140233458373
0,"0",36,19,"19","GlaucP.cau","6","VFL1-1","Yes","VFL1-1 _ 0","19 _ 0","B",60,0.5,2000,7.60140233458373
0,"0",36,19,"19","GlaucP.cau","6","WT-mNG","Yes","WT-mNG _ 0","19 _ 0","B",60,0.5,2000,7.60140233458373
0,"0",67,22,"22","Control","1","VFL1-1","Control","VFL1-1 _ 0","22 _ 0","A",60,0.5,2000,7.60140233458373
0,"0",67,22,"22","Control","1","WT-mNG","Control","WT-mNG _ 0","22 _ 0","A",60,0.5,2000,7.60140233458373
0,"0",68,22,"22","Control","2","VFL1-1","Control","VFL1-1 _ 0","22 _ 0","A",60,0.5,2000,7.60140233458373
0,"0",68,22,"22","Control","2","WT-mNG","Control","WT-mNG _ 0","22 _ 0","A",60,0.5,2000,7.60140233458373
0,"0",69,22,"22","Control","3","VFL1-1","Control","VFL1-1 _ 0","22 _ 0","A",60,0.5,2000,7.60140233458373
0,"0",69,22,"22","Control","3","WT-mNG","Control","WT-mNG _ 0","22 _ 0","A",60,0.5,2000,7.60140233458373
0,"0",70,22,"22","Control","4","VFL1-1","Control","VFL1-1 _ 0","22 _ 0","B",60,0.5,2000,7.60140233458373
0,"0",70,22,"22","Control","4","WT-mNG","Control","WT-mNG _ 0","22 _ 0","B",60,0.5,2000,7.60140233458373
0,"0",71,22,"22","Control","5","VFL1-1","Control","VFL1-1 _ 0","22 _ 0","B",60,0.5,2000,7.60140233458373
0,"0",71,22,"22","Control","5","WT-mNG","Control","WT-mNG _ 0","22 _ 0","B",60,0.5,2000,7.60140233458373
0,"0",72,22,"22","Control","6","VFL1-1","Control","VFL1-1 _ 0","22 _ 0","B",60,0.5,2000,7.60140233458373
0,"0",72,22,"22","Control","6","WT-mNG","Control","WT-mNG _ 0","22 _ 0","B",60,0.5,2000,7.60140233458373
0,"0",73,22,"22","Tetra","1","VFL1-1","No","VFL1-1 _ 0","22 _ 0","A",60,0.5,2000,7.60140233458373
0,"0",73,22,"22","Tetra","1","WT-mNG","No","WT-mNG _ 0","22 _ 0","A",60,0.5,2000,7.60140233458373
0,"0",74,22,"22","Tetra","2","VFL1-1","No","VFL1-1 _ 0","22 _ 0","A",60,0.5,2000,7.60140233458373
0,"0",74,22,"22","Tetra","2","WT-mNG","No","WT-mNG _ 0","22 _ 0","A",60,0.5,2000,7.60140233458373
0,"0",75,22,"22","Tetra","3","VFL1-1","No","VFL1-1 _ 0","22 _ 0","A",60,0.5,2000,7.60140233458373
0,"0",75,22,"22","Tetra","3","WT-mNG","No","WT-mNG _ 0","22 _ 0","A",60,0.5,2000,7.60140233458373
0,"0",76,22,"22","Tetra","4","VFL1-1","No","VFL1-1 _ 0","22 _ 0","B",60,0.5,2000,7.60140233458373
0,"0",76,22,"22","Tetra","4","WT-mNG","No","WT-mNG _ 0","22 _ 0","B",60,0.5,2000,7.60140233458373
0,"0",77,22,"22","Tetra","5","VFL1-1","No","VFL1-1 _ 0","22 _ 0","B",60,0.5,2000,7.60140233458373
0,"0",77,22,"22","Tetra","5","WT-mNG","No","WT-mNG _ 0","22 _ 0","B",60,0.5,2000,7.60140233458373
0,"0",78,22,"22","Tetra","6","VFL1-1","No","VFL1-1 _ 0","22 _ 0","B",60,0.5,2000,7.60140233458373
0,"0",78,22,"22","Tetra","6","WT-mNG","No","WT-mNG _ 0","22 _ 0","B",60,0.5,2000,7.60140233458373
0,"0",79,22,"22","Glauc","1","VFL1-1","No","VFL1-1 _ 0","22 _ 0","A",60,0.5,2000,7.60140233458373
0,"0",79,22,"22","Glauc","1","WT-mNG","No","WT-mNG _ 0","22 _ 0","A",60,0.5,2000,7.60140233458373
0,"0",80,22,"22","Glauc","2","VFL1-1","No","VFL1-1 _ 0","22 _ 0","A",60,0.5,2000,7.60140233458373
0,"0",80,22,"22","Glauc","2","WT-mNG","No","WT-mNG _ 0","22 _ 0","A",60,0.5,2000,7.60140233458373
0,"0",81,22,"22","Glauc","3","VFL1-1","No","VFL1-1 _ 0","22 _ 0","A",60,0.5,2000,7.60140233458373
0,"0",81,22,"22","Glauc","3","WT-mNG","No","WT-mNG _ 0","22 _ 0","A",60,0.5,2000,7.60140233458373
0,"0",82,22,"22","Glauc","4","VFL1-1","No","VFL1-1 _ 0","22 _ 0","B",60,0.5,2000,7.60140233458373
0,"0",82,22,"22","Glauc","4","WT-mNG","No","WT-mNG _ 0","22 _ 0","B",60,0.5,2000,7.60140233458373
0,"0",83,22,"22","Glauc","5","VFL1-1","No","VFL1-1 _ 0","22 _ 0","B",60,0.5,2000,7.60140233458373
0,"0",83,22,"22","Glauc","5","WT-mNG","No","WT-mNG _ 0","22 _ 0","B",60,0.5,2000,7.60140233458373
0,"0",84,22,"22","Glauc","6","VFL1-1","No","VFL1-1 _ 0","22 _ 0","B",60,0.5,2000,7.60140233458373
0,"0",84,22,"22","Glauc","6","WT-mNG","No","WT-mNG _ 0","22 _ 0","B",60,0.5,2000,7.60140233458373
0,"0",85,22,"22","P.cau","1","VFL1-1","No","VFL1-1 _ 0","22 _ 0","A",60,0.5,2000,7.60140233458373
0,"0",85,22,"22","P.cau","1","WT-mNG","No","WT-mNG _ 0","22 _ 0","A",60,0.5,2000,7.60140233458373
0,"0",86,22,"22","P.cau","2","VFL1-1","No","VFL1-1 _ 0","22 _ 0","A",60,0.5,2000,7.60140233458373
0,"0",86,22,"22","P.cau","2","WT-mNG","No","WT-mNG _ 0","22 _ 0","A",60,0.5,2000,7.60140233458373
0,"0",87,22,"22","P.cau","3","VFL1-1","No","VFL1-1 _ 0","22 _ 0","A",60,0.5,2000,7.60140233458373
0,"0",87,22,"22","P.cau","3","WT-mNG","No","WT-mNG _ 0","22 _ 0","A",60,0.5,2000,7.60140233458373
0,"0",88,22,"22","P.cau","4","VFL1-1","No","VFL1-1 _ 0","22 _ 0","B",60,0.5,2000,7.60140233458373
0,"0",88,22,"22","P.cau","4","WT-mNG","No","WT-mNG _ 0","22 _ 0","B",60,0.5,2000,7.60140233458373
0,"0",89,22,"22","P.cau","5","VFL1-1","No","VFL1-1 _ 0","22 _ 0","B",60,0.5,2000,7.60140233458373
0,"0",89,22,"22","P.cau","5","WT-mNG","No","WT-mNG _ 0","22 _ 0","B",60,0.5,2000,7.60140233458373
0,"0",90,22,"22","P.cau","6","VFL1-1","No","VFL1-1 _ 0","22 _ 0","B",60,0.5,2000,7.60140233458373
0,"0",90,22,"22","P.cau","6","WT-mNG","No","WT-mNG _ 0","22 _ 0","B",60,0.5,2000,7.60140233458373
0,"0",92,22,"22","TetraP.cau","2","VFL1-1","Yes","VFL1-1 _ 0","22 _ 0","A",60,0.5,2000,7.60140233458373
0,"0",92,22,"22","TetraP.cau","2","WT-mNG","Yes","WT-mNG _ 0","22 _ 0","A",60,0.5,2000,7.60140233458373
0,"0",93,22,"22","TetraP.cau","3","VFL1-1","Yes","VFL1-1 _ 0","22 _ 0","A",60,0.5,2000,7.60140233458373
0,"0",93,22,"22","TetraP.cau","3","WT-mNG","Yes","WT-mNG _ 0","22 _ 0","A",60,0.5,2000,7.60140233458373
0,"0",94,22,"22","TetraP.cau","4","VFL1-1","Yes","VFL1-1 _ 0","22 _ 0","B",60,0.5,2000,7.60140233458373
0,"0",94,22,"22","TetraP.cau","4","WT-mNG","Yes","WT-mNG _ 0","22 _ 0","B",60,0.5,2000,7.60140233458373
0,"0",95,22,"22","TetraP.cau","5","VFL1-1","Yes","VFL1-1 _ 0","22 _ 0","B",60,0.5,2000,7.60140233458373
0,"0",95,22,"22","TetraP.cau","5","WT-mNG","Yes","WT-mNG _ 0","22 _ 0","B",60,0.5,2000,7.60140233458373
0,"0",96,22,"22","TetraP.cau","6","VFL1-1","Yes","VFL1-1 _ 0","22 _ 0","B",60,0.5,2000,7.60140233458373
0,"0",96,22,"22","TetraP.cau","6","WT-mNG","Yes","WT-mNG _ 0","22 _ 0","B",60,0.5,2000,7.60140233458373
0,"0",97,22,"22","GlaucP.cau","1","VFL1-1","Yes","VFL1-1 _ 0","22 _ 0","A",60,0.5,2000,7.60140233458373
0,"0",97,22,"22","GlaucP.cau","1","WT-mNG","Yes","WT-mNG _ 0","22 _ 0","A",60,0.5,2000,7.60140233458373
0,"0",98,22,"22","GlaucP.cau","2","VFL1-1","Yes","VFL1-1 _ 0","22 _ 0","A",60,0.5,2000,7.60140233458373
0,"0",98,22,"22","GlaucP.cau","2","WT-mNG","Yes","WT-mNG _ 0","22 _ 0","A",60,0.5,2000,7.60140233458373
0,"0",99,22,"22","GlaucP.cau","3","VFL1-1","Yes","VFL1-1 _ 0","22 _ 0","A",60,0.5,2000,7.60140233458373
0,"0",99,22,"22","GlaucP.cau","3","WT-mNG","Yes","WT-mNG _ 0","22 _ 0","A",60,0.5,2000,7.60140233458373
0,"0",100,22,"22","GlaucP.cau","4","VFL1-1","Yes","VFL1-1 _ 0","22 _ 0","B",60,0.5,2000,7.60140233458373
0,"0",100,22,"22","GlaucP.cau","4","WT-mNG","Yes","WT-mNG _ 0","22 _ 0","B",60,0.5,2000,7.60140233458373
0,"0",101,22,"22","GlaucP.cau","5","VFL1-1","Yes","VFL1-1 _ 0","22 _ 0","B",60,0.5,2000,7.60140233458373
0,"0",101,22,"22","GlaucP.cau","5","WT-mNG","Yes","WT-mNG _ 0","22 _ 0","B",60,0.5,2000,7.60140233458373
0,"0",102,22,"22","GlaucP.cau","6","VFL1-1","Yes","VFL1-1 _ 0","22 _ 0","B",60,0.5,2000,7.60140233458373
0,"0",102,22,"22","GlaucP.cau","6","WT-mNG","Yes","WT-mNG _ 0","22 _ 0","B",60,0.5,2000,7.60140233458373
0,"0",133,25,"25","Control","1","VFL1-1","Control","VFL1-1 _ 0","25 _ 0","A",60,0.5,2000,7.60140233458373
0,"0",133,25,"25","Control","1","WT-mNG","Control","WT-mNG _ 0","25 _ 0","A",60,0.5,2000,7.60140233458373
0,"0",134,25,"25","Control","2","VFL1-1","Control","VFL1-1 _ 0","25 _ 0","A",60,0.5,2000,7.60140233458373
0,"0",134,25,"25","Control","2","WT-mNG","Control","WT-mNG _ 0","25 _ 0","A",60,0.5,2000,7.60140233458373
0,"0",135,25,"25","Control","3","VFL1-1","Control","VFL1-1 _ 0","25 _ 0","A",60,0.5,2000,7.60140233458373
0,"0",135,25,"25","Control","3","WT-mNG","Control","WT-mNG _ 0","25 _ 0","A",60,0.5,2000,7.60140233458373
0,"0",136,25,"25","Control","4","VFL1-1","Control","VFL1-1 _ 0","25 _ 0","B",60,0.5,2000,7.60140233458373
0,"0",136,25,"25","Control","4","WT-mNG","Control","WT-mNG _ 0","25 _ 0","B",60,0.5,2000,7.60140233458373
0,"0",137,25,"25","Control","5","VFL1-1","Control","VFL1-1 _ 0","25 _ 0","B",60,0.5,2000,7.60140233458373
0,"0",137,25,"25","Control","5","WT-mNG","Control","WT-mNG _ 0","25 _ 0","B",60,0.5,2000,7.60140233458373
0,"0",138,25,"25","Control","6","VFL1-1","Control","VFL1-1 _ 0","25 _ 0","B",60,0.5,2000,7.60140233458373
0,"0",138,25,"25","Control","6","WT-mNG","Control","WT-mNG _ 0","25 _ 0","B",60,0.5,2000,7.60140233458373
0,"0",139,25,"25","Tetra","1","VFL1-1","No","VFL1-1 _ 0","25 _ 0","A",60,0.5,2000,7.60140233458373
0,"0",139,25,"25","Tetra","1","WT-mNG","No","WT-mNG _ 0","25 _ 0","A",60,0.5,2000,7.60140233458373
0,"0",140,25,"25","Tetra","2","VFL1-1","No","VFL1-1 _ 0","25 _ 0","A",60,0.5,2000,7.60140233458373
0,"0",140,25,"25","Tetra","2","WT-mNG","No","WT-mNG _ 0","25 _ 0","A",60,0.5,2000,7.60140233458373
0,"0",141,25,"25","Tetra","3","VFL1-1","No","VFL1-1 _ 0","25 _ 0","A",60,0.5,2000,7.60140233458373
0,"0",141,25,"25","Tetra","3","WT-mNG","No","WT-mNG _ 0","25 _ 0","A",60,0.5,2000,7.60140233458373
0,"0",142,25,"25","Tetra","4","VFL1-1","No","VFL1-1 _ 0","25 _ 0","B",60,0.5,2000,7.60140233458373
0,"0",142,25,"25","Tetra","4","WT-mNG","No","WT-mNG _ 0","25 _ 0","B",60,0.5,2000,7.60140233458373
0,"0",143,25,"25","Tetra","5","VFL1-1","No","VFL1-1 _ 0","25 _ 0","B",60,0.5,2000,7.60140233458373
0,"0",143,25,"25","Tetra","5","WT-mNG","No","WT-mNG _ 0","25 _ 0","B",60,0.5,2000,7.60140233458373
0,"0",144,25,"25","Tetra","6","VFL1-1","No","VFL1-1 _ 0","25 _ 0","B",60,0.5,2000,7.60140233458373
0,"0",144,25,"25","Tetra","6","WT-mNG","No","WT-mNG _ 0","25 _ 0","B",60,0.5,2000,7.60140233458373
0,"0",145,25,"25","Glauc","1","VFL1-1","No","VFL1-1 _ 0","25 _ 0","A",60,0.5,2000,7.60140233458373
0,"0",145,25,"25","Glauc","1","WT-mNG","No","WT-mNG _ 0","25 _ 0","A",60,0.5,2000,7.60140233458373
0,"0",146,25,"25","Glauc","2","VFL1-1","No","VFL1-1 _ 0","25 _ 0","A",60,0.5,2000,7.60140233458373
0,"0",146,25,"25","Glauc","2","WT-mNG","No","WT-mNG _ 0","25 _ 0","A",60,0.5,2000,7.60140233458373
0,"0",147,25,"25","Glauc","3","VFL1-1","No","VFL1-1 _ 0","25 _ 0","A",60,0.5,2000,7.60140233458373
0,"0",147,25,"25","Glauc","3","WT-mNG","No","WT-mNG _ 0","25 _ 0","A",60,0.5,2000,7.60140233458373
0,"0",148,25,"25","Glauc","4","VFL1-1","No","VFL1-1 _ 0","25 _ 0","B",60,0.5,2000,7.60140233458373
0,"0",148,25,"25","Glauc","4","WT-mNG","No","WT-mNG _ 0","25 _ 0","B",60,0.5,2000,7.60140233458373
0,"0",149,25,"25","Glauc","5","VFL1-1","No","VFL1-1 _ 0","25 _ 0","B",60,0.5,2000,7.60140233458373
0,"0",149,25,"25","Glauc","5","WT-mNG","No","WT-mNG _ 0","25 _ 0","B",60,0.5,2000,7.60140233458373
0,"0",150,25,"25","Glauc","6","VFL1-1","No","VFL1-1 _ 0","25 _ 0","B",60,0.5,2000,7.60140233458373
0,"0",150,25,"25","Glauc","6","WT-mNG","No","WT-mNG _ 0","25 _ 0","B",60,0.5,2000,7.60140233458373
0,"0",151,25,"25","P.cau","1","VFL1-1","No","VFL1-1 _ 0","25 _ 0","A",60,0.5,2000,7.60140233458373
0,"0",151,25,"25","P.cau","1","WT-mNG","No","WT-mNG _ 0","25 _ 0","A",60,0.5,2000,7.60140233458373
0,"0",152,25,"25","P.cau","2","VFL1-1","No","VFL1-1 _ 0","25 _ 0","A",60,0.5,2000,7.60140233458373
0,"0",152,25,"25","P.cau","2","WT-mNG","No","WT-mNG _ 0","25 _ 0","A",60,0.5,2000,7.60140233458373
0,"0",153,25,"25","P.cau","3","VFL1-1","No","VFL1-1 _ 0","25 _ 0","A",60,0.5,2000,7.60140233458373
0,"0",153,25,"25","P.cau","3","WT-mNG","No","WT-mNG _ 0","25 _ 0","A",60,0.5,2000,7.60140233458373
0,"0",154,25,"25","P.cau","4","VFL1-1","No","VFL1-1 _ 0","25 _ 0","B",60,0.5,2000,7.60140233458373
0,"0",154,25,"25","P.cau","4","WT-mNG","No","WT-mNG _ 0","25 _ 0","B",60,0.5,2000,7.60140233458373
0,"0",155,25,"25","P.cau","5","VFL1-1","No","VFL1-1 _ 0","25 _ 0","B",60,0.5,2000,7.60140233458373
0,"0",155,25,"25","P.cau","5","WT-mNG","No","WT-mNG _ 0","25 _ 0","B",60,0.5,2000,7.60140233458373
0,"0",156,25,"25","P.cau","6","VFL1-1","No","VFL1-1 _ 0","25 _ 0","B",60,0.5,2000,7.60140233458373
0,"0",156,25,"25","P.cau","6","WT-mNG","No","WT-mNG _ 0","25 _ 0","B",60,0.5,2000,7.60140233458373
0,"0",157,25,"25","TetraP.cau","1","VFL1-1","Yes","VFL1-1 _ 0","25 _ 0","A",60,0.5,2000,7.60140233458373
0,"0",157,25,"25","TetraP.cau","1","WT-mNG","Yes","WT-mNG _ 0","25 _ 0","A",60,0.5,2000,7.60140233458373
0,"0",158,25,"25","TetraP.cau","2","VFL1-1","Yes","VFL1-1 _ 0","25 _ 0","A",60,0.5,2000,7.60140233458373
0,"0",158,25,"25","TetraP.cau","2","WT-mNG","Yes","WT-mNG _ 0","25 _ 0","A",60,0.5,2000,7.60140233458373
0,"0",159,25,"25","TetraP.cau","3","VFL1-1","Yes","VFL1-1 _ 0","25 _ 0","A",60,0.5,2000,7.60140233458373
0,"0",159,25,"25","TetraP.cau","3","WT-mNG","Yes","WT-mNG _ 0","25 _ 0","A",60,0.5,2000,7.60140233458373
0,"0",160,25,"25","TetraP.cau","4","VFL1-1","Yes","VFL1-1 _ 0","25 _ 0","B",60,0.5,2000,7.60140233458373
0,"0",160,25,"25","TetraP.cau","4","WT-mNG","Yes","WT-mNG _ 0","25 _ 0","B",60,0.5,2000,7.60140233458373
0,"0",161,25,"25","TetraP.cau","5","VFL1-1","Yes","VFL1-1 _ 0","25 _ 0","B",60,0.5,2000,7.60140233458373
0,"0",161,25,"25","TetraP.cau","5","WT-mNG","Yes","WT-mNG _ 0","25 _ 0","B",60,0.5,2000,7.60140233458373
0,"0",162,25,"25","TetraP.cau","6","VFL1-1","Yes","VFL1-1 _ 0","25 _ 0","B",60,0.5,2000,7.60140233458373
0,"0",162,25,"25","TetraP.cau","6","WT-mNG","Yes","WT-mNG _ 0","25 _ 0","B",60,0.5,2000,7.60140233458373
0,"0",163,25,"25","GlaucP.cau","1","VFL1-1","Yes","VFL1-1 _ 0","25 _ 0","A",60,0.5,2000,7.60140233458373
0,"0",163,25,"25","GlaucP.cau","1","WT-mNG","Yes","WT-mNG _ 0","25 _ 0","A",60,0.5,2000,7.60140233458373
0,"0",164,25,"25","GlaucP.cau","2","VFL1-1","Yes","VFL1-1 _ 0","25 _ 0","A",60,0.5,2000,7.60140233458373
0,"0",164,25,"25","GlaucP.cau","2","WT-mNG","Yes","WT-mNG _ 0","25 _ 0","A",60,0.5,2000,7.60140233458373
0,"0",165,25,"25","GlaucP.cau","3","VFL1-1","Yes","VFL1-1 _ 0","25 _ 0","A",60,0.5,2000,7.60140233458373
0,"0",165,25,"25","GlaucP.cau","3","WT-mNG","Yes","WT-mNG _ 0","25 _ 0","A",60,0.5,2000,7.60140233458373
0,"0",166,25,"25","GlaucP.cau","4","VFL1-1","Yes","VFL1-1 _ 0","25 _ 0","B",60,0.5,2000,7.60140233458373
0,"0",166,25,"25","GlaucP.cau","4","WT-mNG","Yes","WT-mNG _ 0","25 _ 0","B",60,0.5,2000,7.60140233458373
0,"0",167,25,"25","GlaucP.cau","5","VFL1-1","Yes","VFL1-1 _ 0","25 _ 0","B",60,0.5,2000,7.60140233458373
0,"0",167,25,"25","GlaucP.cau","5","WT-mNG","Yes","WT-mNG _ 0","25 _ 0","B",60,0.5,2000,7.60140233458373
0,"0",168,25,"25","GlaucP.cau","6","VFL1-1","Yes","VFL1-1 _ 0","25 _ 0","B",60,0.5,2000,7.60140233458373
0,"0",168,25,"25","GlaucP.cau","6","WT-mNG","Yes","WT-mNG _ 0","25 _ 0","B",60,0.5,2000,7.60140233458373
5,"5",1,19,"19","Control","1","VFL1-1","Control","VFL1-1_5","19_5","A",216,NA,7200,8.88197518424887
5,"5",1,19,"19","Control","1","WT-mNG","Control","WT-mNG_5","19_5","A",497,NA,16566.6666666667,9.71520828376793
5,"5",2,19,"19","Control","2","VFL1-1","Control","VFL1-1_5","19_5","A",193,NA,6433.33333333333,8.76940351455977
5,"5",2,19,"19","Control","2","WT-mNG","Control","WT-mNG_5","19_5","A",642,NA,21400,9.97119292889014
5,"5",3,19,"19","Control","3","VFL1-1","Control","VFL1-1_5","19_5","A",255,NA,8500,9.04793908261736
5,"5",3,19,"19","Control","3","WT-mNG","Control","WT-mNG_5","19_5","A",502,NA,16733.3333333333,9.72521777618227
5,"5",4,19,"19","Control","4","VFL1-1","Control","VFL1-1_5","19_5","B",164,NA,5466.66666666667,8.60660723524438
5,"5",4,19,"19","Control","4","WT-mNG","Control","WT-mNG_5","19_5","B",475,NA,15833.3333333333,9.66993585725498
5,"5",5,19,"19","Control","5","VFL1-1","Control","VFL1-1_5","19_5","B",159,NA,5300,8.57565076098781
5,"5",5,19,"19","Control","5","WT-mNG","Control","WT-mNG_5","19_5","B",625,NA,20833.3333333333,9.94435754590442
5,"5",6,19,"19","Control","6","VFL1-1","Control","VFL1-1_5","19_5","B",177,NA,5900,8.68287710705717
5,"5",6,19,"19","Control","6","WT-mNG","Control","WT-mNG_5","19_5","B",556,NA,18533.3333333333,9.82738014694948
5,"5",7,19,"19","Tetra","1","VFL1-1","No","VFL1-1_5","19_5","A",878,NA,29266.6666666667,10.2842386589363
5,"5",7,19,"19","Tetra","1","WT-mNG","No","WT-mNG_5","19_5","A",3706,NA,123533.333333333,11.7242743991136
5,"5",8,19,"19","Tetra","2","VFL1-1","No","VFL1-1_5","19_5","A",497,NA,16566.6666666667,9.71520828376793
5,"5",8,19,"19","Tetra","2","WT-mNG","No","WT-mNG_5","19_5","A",2192,NA,73066.6666666667,11.1991412314256
5,"5",9,19,"19","Tetra","3","VFL1-1","No","VFL1-1_5","19_5","A",907,NA,30233.3333333333,10.3167334229631
5,"5",9,19,"19","Tetra","3","WT-mNG","No","WT-mNG_5","19_5","A",1562,NA,52066.6666666667,10.8602994336811
5,"5",10,19,"19","Tetra","4","VFL1-1","No","VFL1-1_5","19_5","B",753,NA,25100,10.1306629649637
5,"5",10,19,"19","Tetra","4","WT-mNG","No","WT-mNG_5","19_5","B",3875,NA,129166.666666667,11.7688665810129
5,"5",11,19,"19","Tetra","5","VFL1-1","No","VFL1-1_5","19_5","B",497,NA,16566.6666666667,9.71520828376793
5,"5",11,19,"19","Tetra","5","WT-mNG","No","WT-mNG_5","19_5","B",2215,NA,73833.3333333333,11.2095791237256
5,"5",12,19,"19","Tetra","6","VFL1-1","No","VFL1-1_5","19_5","B",741,NA,24700,10.1145990076265
5,"5",12,19,"19","Tetra","6","WT-mNG","No","WT-mNG_5","19_5","B",2100,NA,70000,11.1562648066437
5,"5",13,19,"19","Glauc","1","VFL1-1","No","VFL1-1_5","19_5","A",841,NA,28033.3333333333,10.241185228476
5,"5",13,19,"19","Glauc","1","WT-mNG","No","WT-mNG_5","19_5","A",2008,NA,66933.3333333333,11.111467318259
5,"5",14,19,"19","Glauc","2","VFL1-1","No","VFL1-1_5","19_5","A",1469,NA,48966.6666666667,10.7989154953412
5,"5",14,19,"19","Glauc","2","WT-mNG","No","WT-mNG_5","19_5","A",1035,NA,34500,10.4487435881066
5,"5",15,19,"19","Glauc","3","VFL1-1","No","VFL1-1_5","19_5","A",1010,NA,33666.6666666667,10.4242932096845
5,"5",15,19,"19","Glauc","3","WT-mNG","No","WT-mNG_5","19_5","A",2087,NA,69566.6666666667,11.1500551789944
5,"5",16,19,"19","Glauc","4","VFL1-1","No","VFL1-1_5","19_5","B",750,NA,25000,10.1266711030504
5,"5",16,19,"19","Glauc","4","WT-mNG","No","WT-mNG_5","19_5","B",2054,NA,68466.6666666667,11.1341168933493
5,"5",17,19,"19","Glauc","5","VFL1-1","No","VFL1-1_5","19_5","B",776,NA,25866.6666666667,10.1607490765497
5,"5",17,19,"19","Glauc","5","WT-mNG","No","WT-mNG_5","19_5","B",4488,NA,149600,11.9157270289922
5,"5",18,19,"19","Glauc","6","VFL1-1","No","VFL1-1_5","19_5","B",555,NA,18500,9.8255800636596
5,"5",18,19,"19","Glauc","6","WT-mNG","No","WT-mNG_5","19_5","B",1735,NA,57833.3333333333,10.9653378806177
5,"5",19,19,"19","P.cau","1","VFL1-1","No","VFL1-1_5","19_5","A",724,NA,24133.3333333333,10.0913907253113
5,"5",19,19,"19","P.cau","1","WT-mNG","No","WT-mNG_5","19_5","A",2092,NA,69733.3333333333,11.1524480627461
5,"5",20,19,"19","P.cau","2","VFL1-1","No","VFL1-1_5","19_5","A",809,NA,26966.6666666667,10.2023938965092
5,"5",20,19,"19","P.cau","2","WT-mNG","No","WT-mNG_5","19_5","A",1858,NA,61933.3333333333,11.0338299629574
5,"5",21,19,"19","P.cau","3","VFL1-1","No","VFL1-1_5","19_5","A",603,NA,20100,9.9085248440534
5,"5",21,19,"19","P.cau","3","WT-mNG","No","WT-mNG_5","19_5","A",1606,NA,53533.3333333333,10.8880784716024
5,"5",22,19,"19","P.cau","4","VFL1-1","No","VFL1-1_5","19_5","B",396,NA,13200,9.48804786328076
5,"5",22,19,"19","P.cau","4","WT-mNG","No","WT-mNG_5","19_5","B",1046,NA,34866.6666666667,10.4593152222219
5,"5",23,19,"19","P.cau","5","VFL1-1","No","VFL1-1_5","19_5","B",599,NA,19966.6666666667,9.90186957765375
5,"5",23,19,"19","P.cau","5","WT-mNG","No","WT-mNG_5","19_5","B",943,NA,31433.3333333333,10.355655992809
5,"5",24,19,"19","P.cau","6","VFL1-1","No","VFL1-1_5","19_5","B",831,NA,27700,10.2292237926068
5,"5",24,19,"19","P.cau","6","WT-mNG","No","WT-mNG_5","19_5","B",1409,NA,46966.6666666667,10.7572147006882
5,"5",26,19,"19","TetraP.cau","2","VFL1-1","Yes","VFL1-1_5","19_5","A",2126,NA,70866.6666666667,11.1685695671289
5,"5",26,19,"19","TetraP.cau","2","WT-mNG","Yes","WT-mNG_5","19_5","A",2752,NA,91733.3333333333,11.4266519974766
5,"5",27,19,"19","TetraP.cau","3","VFL1-1","Yes","VFL1-1_5","19_5","A",778,NA,25933.3333333333,10.1633229811663
5,"5",27,19,"19","TetraP.cau","3","WT-mNG","Yes","WT-mNG_5","19_5","A",2984,NA,99466.6666666667,11.5075879122124
5,"5",28,19,"19","TetraP.cau","4","VFL1-1","Yes","VFL1-1_5","19_5","B",1186,NA,39533.3333333333,10.5849247716673
5,"5",28,19,"19","TetraP.cau","4","WT-mNG","Yes","WT-mNG_5","19_5","B",3980,NA,132666.666666667,11.7956025332585
5,"5",29,19,"19","TetraP.cau","5","VFL1-1","Yes","VFL1-1_5","19_5","B",1504,NA,50133.3333333333,10.8224613484393
5,"5",29,19,"19","TetraP.cau","5","WT-mNG","Yes","WT-mNG_5","19_5","B",4296,NA,143200,11.8720045167245
5,"5",30,19,"19","TetraP.cau","6","VFL1-1","Yes","VFL1-1_5","19_5","B",828,NA,27600,10.2256072829329
5,"5",30,19,"19","TetraP.cau","6","WT-mNG","Yes","WT-mNG_5","19_5","B",6485,NA,216166.666666667,12.28380962012
5,"5",31,19,"19","GlaucP.cau","1","VFL1-1","Yes","VFL1-1_5","19_5","A",2466,NA,82200,11.3169227464204
5,"5",31,19,"19","GlaucP.cau","1","WT-mNG","Yes","WT-mNG_5","19_5","A",2070,NA,69000,11.141876276228
5,"5",32,19,"19","GlaucP.cau","2","VFL1-1","Yes","VFL1-1_5","19_5","A",1493,NA,49766.6666666667,10.8151207884282
5,"5",32,19,"19","GlaucP.cau","2","WT-mNG","Yes","WT-mNG_5","19_5","A",3083,NA,102766.666666667,11.5402260559405
5,"5",33,19,"19","GlaucP.cau","3","VFL1-1","Yes","VFL1-1_5","19_5","A",1707,NA,56900,10.9490681946524
5,"5",33,19,"19","GlaucP.cau","3","WT-mNG","Yes","WT-mNG_5","19_5","A",1651,NA,55033.3333333333,10.9157125118806
5,"5",34,19,"19","GlaucP.cau","4","VFL1-1","Yes","VFL1-1_5","19_5","B",742,NA,24733.3333333333,10.1159475709369
5,"5",34,19,"19","GlaucP.cau","4","WT-mNG","Yes","WT-mNG_5","19_5","B",2215,NA,73833.3333333333,11.2095791237256
5,"5",35,19,"19","GlaucP.cau","5","VFL1-1","Yes","VFL1-1_5","19_5","B",1345,NA,44833.3333333333,10.7107294939399
5,"5",35,19,"19","GlaucP.cau","5","WT-mNG","Yes","WT-mNG_5","19_5","B",1770,NA,59000,10.9853096718968
5,"5",36,19,"19","GlaucP.cau","6","VFL1-1","Yes","VFL1-1_5","19_5","B",1280,NA,42666.6666666667,10.661196691459
5,"5",36,19,"19","GlaucP.cau","6","WT-mNG","Yes","WT-mNG_5","19_5","B",1756,NA,58533.3333333333,10.9773687556516
5,"5",67,22,"22","Control","1","VFL1-1","Control","VFL1-1_5","22_5","A",521,NA,17366.6666666667,9.76236551898949
5,"5",67,22,"22","Control","1","WT-mNG","Control","WT-mNG_5","22_5","A",1045,NA,34833.3333333333,10.4583587694408
5,"5",68,22,"22","Control","2","VFL1-1","Control","VFL1-1_5","22_5","A",522,NA,17400,9.76428295481558
5,"5",68,22,"22","Control","2","WT-mNG","Control","WT-mNG_5","22_5","A",1075,NA,35833.3333333333,10.4866617444691
5,"5",69,22,"22","Control","3","VFL1-1","Control","VFL1-1_5","22_5","A",451,NA,15033.3333333333,9.61809175345739
5,"5",69,22,"22","Control","3","WT-mNG","Control","WT-mNG_5","22_5","A",1194,NA,39800,10.591647316585
5,"5",70,22,"22","Control","4","VFL1-1","Control","VFL1-1_5","22_5","B",444,NA,14800,9.60245002503719
5,"5",70,22,"22","Control","4","WT-mNG","Control","WT-mNG_5","22_5","B",1190,NA,39666.6666666667,10.5882916931918
5,"5",71,22,"22","Control","5","VFL1-1","Control","VFL1-1_5","22_5","B",412,NA,13733.3333333333,9.52765405955257
5,"5",71,22,"22","Control","5","WT-mNG","Control","WT-mNG_5","22_5","B",1082,NA,36066.6666666667,10.4931520827746
5,"5",72,22,"22","Control","6","VFL1-1","Control","VFL1-1_5","22_5","B",390,NA,13000,9.47278155656217
5,"5",72,22,"22","Control","6","WT-mNG","Control","WT-mNG_5","22_5","B",862,NA,28733.3333333333,10.2658479701623
5,"5",73,22,"22","Tetra","1","VFL1-1","No","VFL1-1_5","22_5","A",3909,NA,130300,11.7776024376806
5,"5",73,22,"22","Tetra","1","WT-mNG","No","WT-mNG_5","22_5","A",983,NA,32766.6666666667,10.3971975358214
5,"5",74,22,"22","Tetra","2","VFL1-1","No","VFL1-1_5","22_5","A",1138,NA,37933.3333333333,10.5436118736975
5,"5",74,22,"22","Tetra","2","WT-mNG","No","WT-mNG_5","22_5","A",2387,NA,79566.6666666667,11.2843630916569
5,"5",75,22,"22","Tetra","3","VFL1-1","No","VFL1-1_5","22_5","A",1471,NA,49033.3333333333,10.8002760120031
5,"5",75,22,"22","Tetra","3","WT-mNG","No","WT-mNG_5","22_5","A",3169,NA,105633.333333333,11.5677387236748
5,"5",76,22,"22","Tetra","4","VFL1-1","No","VFL1-1_5","22_5","B",862,NA,28733.3333333333,10.2658479701623
5,"5",76,22,"22","Tetra","4","WT-mNG","No","WT-mNG_5","22_5","B",2669,NA,88966.6666666667,11.3960282868262
5,"5",77,22,"22","Tetra","5","VFL1-1","No","VFL1-1_5","22_5","B",1251,NA,41700,10.6382803883147
5,"5",77,22,"22","Tetra","5","WT-mNG","No","WT-mNG_5","22_5","B",3770,NA,125666.666666667,11.7413961352901
5,"5",78,22,"22","Tetra","6","VFL1-1","No","VFL1-1_5","22_5","B",925,NA,30833.3333333333,10.3363840667389
5,"5",78,22,"22","Tetra","6","WT-mNG","No","WT-mNG_5","22_5","B",3393,NA,113100,11.6360365037981
5,"5",79,22,"22","Glauc","1","VFL1-1","No","VFL1-1_5","22_5","A",1502,NA,50066.6666666667,10.8211307028134
5,"5",79,22,"22","Glauc","1","WT-mNG","No","WT-mNG_5","22_5","A",1584,NA,52800,10.8742854089089
5,"5",80,22,"22","Glauc","2","VFL1-1","No","VFL1-1_5","22_5","A",1395,NA,46500,10.7472290967206
5,"5",80,22,"22","Glauc","2","WT-mNG","No","WT-mNG_5","22_5","A",2231,NA,74366.6666666667,11.2167765385469
5,"5",81,22,"22","Glauc","3","VFL1-1","No","VFL1-1_5","22_5","A",1504,NA,50133.3333333333,10.8224613484393
5,"5",81,22,"22","Glauc","3","WT-mNG","No","WT-mNG_5","22_5","A",829,NA,27633.3333333333,10.226814239979
5,"5",82,22,"22","Glauc","4","VFL1-1","No","VFL1-1_5","22_5","B",1258,NA,41933.3333333333,10.6438601816728
5,"5",82,22,"22","Glauc","4","WT-mNG","No","WT-mNG_5","22_5","B",1315,NA,43833.3333333333,10.6881726553598
5,"5",83,22,"22","Glauc","5","VFL1-1","No","VFL1-1_5","22_5","B",738,NA,24600,10.1105423715008
5,"5",83,22,"22","Glauc","5","WT-mNG","No","WT-mNG_5","22_5","B",667,NA,22233.3333333333,10.0093929197354
5,"5",84,22,"22","Glauc","6","VFL1-1","No","VFL1-1_5","22_5","B",620,NA,20666.6666666667,9.93632576128527
5,"5",84,22,"22","Glauc","6","WT-mNG","No","WT-mNG_5","22_5","B",888,NA,29600,10.2955634235253
5,"5",85,22,"22","P.cau","1","VFL1-1","No","VFL1-1_5","22_5","A",950,NA,31666.6666666667,10.3630514603633
5,"5",85,22,"22","P.cau","1","WT-mNG","No","WT-mNG_5","22_5","A",1915,NA,63833.3333333333,11.0640464646084
5,"5",86,22,"22","P.cau","2","VFL1-1","No","VFL1-1_5","22_5","A",1795,NA,59833.3333333333,10.9993349111946
5,"5",86,22,"22","P.cau","2","WT-mNG","No","WT-mNG_5","22_5","A",958,NA,31933.3333333333,10.3714369900406
5,"5",87,22,"22","P.cau","3","VFL1-1","No","VFL1-1_5","22_5","A",1791,NA,59700,10.9971040496592
5,"5",87,22,"22","P.cau","3","WT-mNG","No","WT-mNG_5","22_5","A",1586,NA,52866.6666666667,10.8755472148466
5,"5",88,22,"22","P.cau","4","VFL1-1","No","VFL1-1_5","22_5","B",1035,NA,34500,10.4487435881066
5,"5",88,22,"22","P.cau","4","WT-mNG","No","WT-mNG_5","22_5","B",1851,NA,61700,11.0300554172176
5,"5",89,22,"22","P.cau","5","VFL1-1","No","VFL1-1_5","22_5","B",882,NA,29400,10.2887839663538
5,"5",89,22,"22","P.cau","5","WT-mNG","No","WT-mNG_5","22_5","B",1516,NA,50533.3333333333,10.8304082522447
5,"5",90,22,"22","P.cau","6","VFL1-1","No","VFL1-1_5","22_5","B",965,NA,32166.6666666667,10.3787170862586
5,"5",90,22,"22","P.cau","6","WT-mNG","No","WT-mNG_5","22_5","B",2304,NA,76800,11.2489729398843
5,"5",92,22,"22","TetraP.cau","2","VFL1-1","Yes","VFL1-1_5","22_5","A",2891,NA,96366.6666666667,11.4759260163147
5,"5",92,22,"22","TetraP.cau","2","WT-mNG","Yes","WT-mNG_5","22_5","A",1418,NA,47266.6666666667,10.7635817607468
5,"5",93,22,"22","TetraP.cau","3","VFL1-1","Yes","VFL1-1_5","22_5","A",4741,NA,158033.333333333,11.970567587981
5,"5",93,22,"22","TetraP.cau","3","WT-mNG","Yes","WT-mNG_5","22_5","A",1917,NA,63900,11.0650902896954
5,"5",94,22,"22","TetraP.cau","4","VFL1-1","Yes","VFL1-1_5","22_5","B",3341,NA,111366.666666667,11.6205923189839
5,"5",94,22,"22","TetraP.cau","4","WT-mNG","Yes","WT-mNG_5","22_5","B",3225,NA,107500,11.5852554288322
5,"5",95,22,"22","TetraP.cau","5","VFL1-1","Yes","VFL1-1_5","22_5","B",2308,NA,76933.3333333333,11.2507075231304
5,"5",95,22,"22","TetraP.cau","5","WT-mNG","Yes","WT-mNG_5","22_5","B",3393,NA,113100,11.6360365037981
5,"5",96,22,"22","TetraP.cau","6","VFL1-1","Yes","VFL1-1_5","22_5","B",2080,NA,69333.3333333333,11.1466954929883
5,"5",96,22,"22","TetraP.cau","6","WT-mNG","Yes","WT-mNG_5","22_5","B",3211,NA,107033.333333333,11.5809049342497
5,"5",97,22,"22","GlaucP.cau","1","VFL1-1","Yes","VFL1-1_5","22_5","A",3382,NA,112733.333333333,11.63278929723
5,"5",97,22,"22","GlaucP.cau","1","WT-mNG","Yes","WT-mNG_5","22_5","A",2689,NA,89633.3333333333,11.4034937100904
5,"5",98,22,"22","GlaucP.cau","2","VFL1-1","Yes","VFL1-1_5","22_5","A",3422,NA,114066.666666667,11.6445471185367
5,"5",98,22,"22","GlaucP.cau","2","WT-mNG","Yes","WT-mNG_5","22_5","A",2266,NA,75533.3333333333,11.2323425780083
5,"5",99,22,"22","GlaucP.cau","3","VFL1-1","Yes","VFL1-1_5","22_5","A",3615,NA,120500,11.6994133306336
5,"5",99,22,"22","GlaucP.cau","3","WT-mNG","Yes","WT-mNG_5","22_5","A",1447,NA,48233.3333333333,10.7838263562867
5,"5",100,22,"22","GlaucP.cau","4","VFL1-1","Yes","VFL1-1_5","22_5","B",3996,NA,133200,11.7996145445678
5,"5",100,22,"22","GlaucP.cau","4","WT-mNG","Yes","WT-mNG_5","22_5","B",3395,NA,113166.666666667,11.636625773798
5,"5",101,22,"22","GlaucP.cau","5","VFL1-1","Yes","VFL1-1_5","22_5","B",3646,NA,121533.333333333,11.70795208072
5,"5",101,22,"22","GlaucP.cau","5","WT-mNG","Yes","WT-mNG_5","22_5","B",2166,NA,72200,11.1872091752005
5,"5",102,22,"22","GlaucP.cau","6","VFL1-1","Yes","VFL1-1_5","22_5","B",2477,NA,82566.6666666667,11.3213734381611
5,"5",102,22,"22","GlaucP.cau","6","WT-mNG","Yes","WT-mNG_5","22_5","B",5177,NA,172566.666666667,12.058544709067
5,"5",133,25,"25","Control","1","VFL1-1","Control","VFL1-1_5","25_5","A",452,NA,15066.6666666667,9.62030644663113
5,"5",133,25,"25","Control","1","WT-mNG","Control","WT-mNG_5","25_5","A",615,NA,20500,9.92822894442457
5,"5",134,25,"25","Control","2","VFL1-1","Control","VFL1-1_5","25_5","A",567,NA,18900,9.84697010970096
5,"5",134,25,"25","Control","2","WT-mNG","Control","WT-mNG_5","25_5","A",2817,NA,93900,11.4499963147669
5,"5",135,25,"25","Control","3","VFL1-1","Control","VFL1-1_5","25_5","A",1126,NA,37533.3333333333,10.5330113486487
5,"5",135,25,"25","Control","3","WT-mNG","Control","WT-mNG_5","25_5","A",2158,NA,71933.3333333333,11.1835089448023
5,"5",136,25,"25","Control","4","VFL1-1","Control","VFL1-1_5","25_5","B",454,NA,15133.3333333333,9.62472117247334
5,"5",136,25,"25","Control","4","WT-mNG","Control","WT-mNG_5","25_5","B",935,NA,31166.6666666667,10.3471365116554
5,"5",137,25,"25","Control","5","VFL1-1","Control","VFL1-1_5","25_5","B",997,NA,33233.3333333333,10.4113387570999
5,"5",137,25,"25","Control","5","WT-mNG","Control","WT-mNG_5","25_5","B",2344,NA,78133.3333333333,11.2661848465698
5,"5",138,25,"25","Control","6","VFL1-1","Control","VFL1-1_5","25_5","B",539,NA,17966.6666666667,9.79632912530718
5,"5",138,25,"25","Control","6","WT-mNG","Control","WT-mNG_5","25_5","B",1270,NA,42333.3333333333,10.6533536985409
5,"5",139,25,"25","Tetra","1","VFL1-1","No","VFL1-1_5","25_5","A",1587,NA,52900,10.8761775212594
5,"5",139,25,"25","Tetra","1","WT-mNG","No","WT-mNG_5","25_5","A",3733,NA,124433.333333333,11.7315334126341
5,"5",140,25,"25","Tetra","2","VFL1-1","No","VFL1-1_5","25_5","A",1627,NA,54233.3333333333,10.9010694432135
5,"5",140,25,"25","Tetra","2","WT-mNG","No","WT-mNG_5","25_5","A",3101,NA,103366.666666667,11.5460474906722
5,"5",141,25,"25","Tetra","3","VFL1-1","No","VFL1-1_5","25_5","A",1919,NA,63966.6666666667,11.0661330263477
5,"5",141,25,"25","Tetra","3","WT-mNG","No","WT-mNG_5","25_5","A",3852,NA,128400,11.7629134583697
5,"5",142,25,"25","Tetra","4","VFL1-1","No","VFL1-1_5","25_5","B",2089,NA,69633.3333333333,11.1510130197117
5,"5",142,25,"25","Tetra","4","WT-mNG","No","WT-mNG_5","25_5","B",5692,NA,189733.333333333,12.153380127071
5,"5",143,25,"25","Tetra","5","VFL1-1","No","VFL1-1_5","25_5","B",1783,NA,59433.3333333333,10.9926273406164
5,"5",143,25,"25","Tetra","5","WT-mNG","No","WT-mNG_5","25_5","B",3069,NA,102300,11.535674727063
5,"5",144,25,"25","Tetra","6","VFL1-1","No","VFL1-1_5","25_5","B",1048,NA,34933.3333333333,10.4612253877455
5,"5",144,25,"25","Tetra","6","WT-mNG","No","WT-mNG_5","25_5","B",4495,NA,149833.333333333,11.9172855182857
5,"5",145,25,"25","Glauc","1","VFL1-1","No","VFL1-1_5","25_5","A",2288,NA,76266.6666666667,11.2420043616218
5,"5",145,25,"25","Glauc","1","WT-mNG","No","WT-mNG_5","25_5","A",2313,NA,77100,11.2528715296359
5,"5",146,25,"25","Glauc","2","VFL1-1","No","VFL1-1_5","25_5","A",2311,NA,77033.3333333333,11.2520064889034
5,"5",146,25,"25","Glauc","2","WT-mNG","No","WT-mNG_5","25_5","A",2751,NA,91700,11.4262885633105
5,"5",147,25,"25","Glauc","3","VFL1-1","No","VFL1-1_5","25_5","A",2630,NA,87666.6666666667,11.3813084292708
5,"5",147,25,"25","Glauc","3","WT-mNG","No","WT-mNG_5","25_5","A",2871,NA,95700,11.4689840267072
5,"5",148,25,"25","Glauc","4","VFL1-1","No","VFL1-1_5","25_5","B",2833,NA,94433.3333333333,11.4556599865755
5,"5",148,25,"25","Glauc","4","WT-mNG","No","WT-mNG_5","25_5","B",2804,NA,93466.6666666667,11.4453708444187
5,"5",149,25,"25","Glauc","5","VFL1-1","No","VFL1-1_5","25_5","B",1532,NA,51066.6666666667,10.8409068296742
5,"5",149,25,"25","Glauc","5","WT-mNG","No","WT-mNG_5","25_5","B",3557,NA,118566.666666667,11.6832391033065
5,"5",150,25,"25","Glauc","6","VFL1-1","No","VFL1-1_5","25_5","B",2479,NA,82633.3333333333,11.3221805309358
5,"5",150,25,"25","Glauc","6","WT-mNG","No","WT-mNG_5","25_5","B",2001,NA,66700,11.1079752242951
5,"5",151,25,"25","P.cau","1","VFL1-1","No","VFL1-1_5","25_5","A",1036,NA,34533.3333333333,10.4497092772491
5,"5",151,25,"25","P.cau","1","WT-mNG","No","WT-mNG_5","25_5","A",647,NA,21566.6666666667,9.97895055859755
5,"5",152,25,"25","P.cau","2","VFL1-1","No","VFL1-1_5","25_5","A",1178,NA,39266.6666666667,10.5781567281003
5,"5",152,25,"25","P.cau","2","WT-mNG","No","WT-mNG_5","25_5","A",709,NA,23633.3333333333,10.070455736074
5,"5",153,25,"25","P.cau","3","VFL1-1","No","VFL1-1_5","25_5","A",1374,NA,45800,10.7320612039251
5,"5",153,25,"25","P.cau","3","WT-mNG","No","WT-mNG_5","25_5","A",798,NA,26600,10.1887040880481
5,"5",154,25,"25","P.cau","4","VFL1-1","No","VFL1-1_5","25_5","B",697,NA,23233.3333333333,10.0533863487611
5,"5",154,25,"25","P.cau","4","WT-mNG","No","WT-mNG_5","25_5","B",563,NA,18766.6666666667,9.83989081000805
5,"5",155,25,"25","P.cau","5","VFL1-1","No","VFL1-1_5","25_5","B",1048,NA,34933.3333333333,10.4612253877455
5,"5",155,25,"25","P.cau","5","WT-mNG","No","WT-mNG_5","25_5","B",965,NA,32166.6666666667,10.3787170862586
5,"5",156,25,"25","P.cau","6","VFL1-1","No","VFL1-1_5","25_5","B",633,NA,21100,9.95707571170606
5,"5",156,25,"25","P.cau","6","WT-mNG","No","WT-mNG_5","25_5","B",456,NA,15200,9.62911649414402
5,"5",157,25,"25","TetraP.cau","1","VFL1-1","Yes","VFL1-1_5","25_5","A",2204,NA,73466.6666666667,11.2046006791154
5,"5",157,25,"25","TetraP.cau","1","WT-mNG","Yes","WT-mNG_5","25_5","A",987,NA,32900,10.4012583314283
5,"5",158,25,"25","TetraP.cau","2","VFL1-1","Yes","VFL1-1_5","25_5","A",1508,NA,50266.6666666667,10.8251173395892
5,"5",158,25,"25","TetraP.cau","2","WT-mNG","Yes","WT-mNG_5","25_5","A",707,NA,23566.6666666667,10.067630995131
5,"5",159,25,"25","TetraP.cau","3","VFL1-1","Yes","VFL1-1_5","25_5","A",2731,NA,91033.3333333333,11.4189920037205
5,"5",159,25,"25","TetraP.cau","3","WT-mNG","Yes","WT-mNG_5","25_5","A",1216,NA,40533.3333333333,10.6099046305944
5,"5",160,25,"25","TetraP.cau","4","VFL1-1","Yes","VFL1-1_5","25_5","B",786,NA,26200,10.1735528569597
5,"5",160,25,"25","TetraP.cau","4","WT-mNG","Yes","WT-mNG_5","25_5","B",615,NA,20500,9.92822894442457
5,"5",161,25,"25","TetraP.cau","5","VFL1-1","Yes","VFL1-1_5","25_5","B",463,NA,15433.3333333333,9.64434974412354
5,"5",161,25,"25","TetraP.cau","5","WT-mNG","Yes","WT-mNG_5","25_5","B",502,NA,16733.3333333333,9.72521777618227
5,"5",162,25,"25","TetraP.cau","6","VFL1-1","Yes","VFL1-1_5","25_5","B",1352,NA,45066.6666666667,10.7159203430258
5,"5",162,25,"25","TetraP.cau","6","WT-mNG","Yes","WT-mNG_5","25_5","B",835,NA,27833.3333333333,10.2340255496692
5,"5",163,25,"25","GlaucP.cau","1","VFL1-1","Yes","VFL1-1_5","25_5","A",2949,NA,98300,11.4957894790235
5,"5",163,25,"25","GlaucP.cau","1","WT-mNG","Yes","WT-mNG_5","25_5","A",1309,NA,43633.3333333333,10.6835995812255
5,"5",164,25,"25","GlaucP.cau","2","VFL1-1","Yes","VFL1-1_5","25_5","A",4502,NA,150066.666666667,11.9188415824695
5,"5",164,25,"25","GlaucP.cau","2","WT-mNG","Yes","WT-mNG_5","25_5","A",3863,NA,128766.666666667,11.7657650259411
5,"5",165,25,"25","GlaucP.cau","3","VFL1-1","Yes","VFL1-1_5","25_5","A",2518,NA,83933.3333333333,11.3377900260709
5,"5",165,25,"25","GlaucP.cau","3","WT-mNG","Yes","WT-mNG_5","25_5","A",1027,NA,34233.3333333333,10.4409843181169
5,"5",166,25,"25","GlaucP.cau","4","VFL1-1","Yes","VFL1-1_5","25_5","B",2797,NA,93233.3333333333,11.442871316242
5,"5",166,25,"25","GlaucP.cau","4","WT-mNG","Yes","WT-mNG_5","25_5","B",1933,NA,64433.3333333333,11.0734018963251
5,"5",167,25,"25","GlaucP.cau","5","VFL1-1","Yes","VFL1-1_5","25_5","B",2107,NA,70233.3333333333,11.1595925492762
5,"5",167,25,"25","GlaucP.cau","5","WT-mNG","Yes","WT-mNG_5","25_5","B",1190,NA,39666.6666666667,10.5882916931918
5,"5",168,25,"25","GlaucP.cau","6","VFL1-1","Yes","VFL1-1_5","25_5","B",2890,NA,96333.3333333333,11.4755800589954
5,"5",168,25,"25","GlaucP.cau","6","WT-mNG","Yes","WT-mNG_5","25_5","B",1563,NA,52100,10.8609394214152
10,"10",1,19,"19","Control","1","VFL1-1","Control","VFL1-1_10","19_10","A",255,NA,8500,9.04793908261736
10,"10",1,19,"19","Control","1","WT-mNG","Control","WT-mNG_10","19_10","A",1481,NA,49366.6666666667,10.807050967966
10,"10",2,19,"19","Control","2","VFL1-1","Control","VFL1-1_10","19_10","A",200,NA,6666.66666666667,8.80502525261914
10,"10",2,19,"19","Control","2","WT-mNG","Control","WT-mNG_10","19_10","A",1504,NA,50133.3333333333,10.8224613484393
10,"10",3,19,"19","Control","3","VFL1-1","Control","VFL1-1_10","19_10","A",353,NA,11766.6666666667,9.37311093647788
10,"10",3,19,"19","Control","3","WT-mNG","Control","WT-mNG_10","19_10","A",1605,NA,53500,10.8874556242982
10,"10",4,19,"19","Control","4","VFL1-1","Control","VFL1-1_10","19_10","B",299,NA,9966.66666666667,9.20710180012567
10,"10",4,19,"19","Control","4","WT-mNG","Control","WT-mNG_10","19_10","B",1603,NA,53433.3333333333,10.886208764664
10,"10",5,19,"19","Control","5","VFL1-1","Control","VFL1-1_10","19_10","B",155,NA,5166.66666666667,8.55017654389825
10,"10",5,19,"19","Control","5","WT-mNG","Control","WT-mNG_10","19_10","B",1281,NA,42700,10.6619776181462
10,"10",6,19,"19","Control","6","VFL1-1","Control","VFL1-1_10","19_10","B",284,NA,9466.66666666667,9.15563776370515
10,"10",6,19,"19","Control","6","WT-mNG","Control","WT-mNG_10","19_10","B",1667,NA,55566.6666666667,10.9253567763096
10,"10",7,19,"19","Tetra","1","VFL1-1","No","VFL1-1_10","19_10","A",604,NA,20133.3333333333,9.91018176289551
10,"10",7,19,"19","Tetra","1","WT-mNG","No","WT-mNG_10","19_10","A",1825,NA,60833.3333333333,11.0159096015576
10,"10",8,19,"19","Tetra","2","VFL1-1","No","VFL1-1_10","19_10","A",508,NA,16933.3333333333,9.73709839827289
10,"10",8,19,"19","Tetra","2","WT-mNG","No","WT-mNG_10","19_10","A",1446,NA,48200,10.7831350467114
10,"10",9,19,"19","Tetra","3","VFL1-1","No","VFL1-1_10","19_10","A",1201,NA,40033.3333333333,10.597492698272
10,"10",9,19,"19","Tetra","3","WT-mNG","No","WT-mNG_10","19_10","A",2293,NA,76433.3333333333,11.2441872633893
10,"10",10,19,"19","Tetra","4","VFL1-1","No","VFL1-1_10","19_10","B",1428,NA,47600,10.7706090484022
10,"10",10,19,"19","Tetra","4","WT-mNG","No","WT-mNG_10","19_10","B",5945,NA,198166.666666667,12.1968687526895
10,"10",11,19,"19","Tetra","5","VFL1-1","No","VFL1-1_10","19_10","B",900,NA,30000,10.3089859934221
10,"10",11,19,"19","Tetra","5","WT-mNG","No","WT-mNG_10","19_10","B",1602,NA,53400,10.8855847513647
10,"10",12,19,"19","Tetra","6","VFL1-1","No","VFL1-1_10","19_10","B",537,NA,17900,9.79261185619019
10,"10",12,19,"19","Tetra","6","WT-mNG","No","WT-mNG_10","19_10","B",1305,NA,43500,10.6805392053183
10,"10",13,19,"19","Glauc","1","VFL1-1","No","VFL1-1_10","19_10","A",1131,NA,37700,10.5374418982833
10,"10",13,19,"19","Glauc","1","WT-mNG","No","WT-mNG_10","19_10","A",783,NA,26100,10.1697289067531
10,"10",14,19,"19","Glauc","2","VFL1-1","No","VFL1-1_10","19_10","A",1799,NA,59966.6666666667,11.0015608070625
10,"10",14,19,"19","Glauc","2","WT-mNG","No","WT-mNG_10","19_10","A",829,NA,27633.3333333333,10.226814239979
10,"10",15,19,"19","Glauc","3","VFL1-1","No","VFL1-1_10","19_10","A",1571,NA,52366.6666666667,10.8660446315104
10,"10",15,19,"19","Glauc","3","WT-mNG","No","WT-mNG_10","19_10","A",862,NA,28733.3333333333,10.2658479701623
10,"10",16,19,"19","Glauc","4","VFL1-1","No","VFL1-1_10","19_10","B",910,NA,30333.3333333333,10.3200354633204
10,"10",16,19,"19","Glauc","4","WT-mNG","No","WT-mNG_10","19_10","B",879,NA,29300,10.2853769241156
10,"10",17,19,"19","Glauc","5","VFL1-1","No","VFL1-1_10","19_10","B",825,NA,27500,10.2219776466299
10,"10",17,19,"19","Glauc","5","WT-mNG","No","WT-mNG_10","19_10","B",1299,NA,43300,10.6759310084121
10,"10",18,19,"19","Glauc","6","VFL1-1","No","VFL1-1_10","19_10","B",1774,NA,59133.3333333333,10.9875669709823
10,"10",18,19,"19","Glauc","6","WT-mNG","No","WT-mNG_10","19_10","B",2153,NA,71766.6666666667,11.1811893286328
10,"10",19,19,"19","P.cau","1","VFL1-1","No","VFL1-1_10","19_10","A",433,NA,14433.3333333333,9.57736490698711
10,"10",19,19,"19","P.cau","1","WT-mNG","No","WT-mNG_10","19_10","A",959,NA,31966.6666666667,10.3724802543002
10,"10",20,19,"19","P.cau","2","VFL1-1","No","VFL1-1_10","19_10","A",718,NA,23933.3333333333,10.0830692482251
10,"10",20,19,"19","P.cau","2","WT-mNG","No","WT-mNG_10","19_10","A",1025,NA,34166.6666666667,10.4390350567569
10,"10",21,19,"19","P.cau","3","VFL1-1","No","VFL1-1_10","19_10","A",559,NA,18633.3333333333,9.83276103629801
10,"10",21,19,"19","P.cau","3","WT-mNG","No","WT-mNG_10","19_10","A",1058,NA,35266.6666666667,10.4707218647237
10,"10",22,19,"19","P.cau","4","VFL1-1","No","VFL1-1_10","19_10","B",801,NA,26700,10.1924562968705
10,"10",22,19,"19","P.cau","4","WT-mNG","No","WT-mNG_10","19_10","B",1830,NA,61000,11.0186455364637
10,"10",23,19,"19","P.cau","5","VFL1-1","No","VFL1-1_10","19_10","B",783,NA,26100,10.1697289067531
10,"10",23,19,"19","P.cau","5","WT-mNG","No","WT-mNG_10","19_10","B",1031,NA,34366.6666666667,10.4448714788767
10,"10",24,19,"19","P.cau","6","VFL1-1","No","VFL1-1_10","19_10","B",621,NA,20700,9.93793728726535
10,"10",24,19,"19","P.cau","6","WT-mNG","No","WT-mNG_10","19_10","B",943,NA,31433.3333333333,10.355655992809
10,"10",26,19,"19","TetraP.cau","2","VFL1-1","Yes","VFL1-1_10","19_10","A",1088,NA,36266.6666666667,10.4986818978851
10,"10",26,19,"19","TetraP.cau","2","WT-mNG","Yes","WT-mNG_10","19_10","A",436,NA,14533.3333333333,9.58426894564135
10,"10",27,19,"19","TetraP.cau","3","VFL1-1","Yes","VFL1-1_10","19_10","A",1065,NA,35500,10.4773161440809
10,"10",27,19,"19","TetraP.cau","3","WT-mNG","Yes","WT-mNG_10","19_10","A",1365,NA,45500,10.7254895827195
10,"10",28,19,"19","TetraP.cau","4","VFL1-1","Yes","VFL1-1_10","19_10","B",1061,NA,35366.6666666667,10.4735533107463
10,"10",28,19,"19","TetraP.cau","4","WT-mNG","Yes","WT-mNG_10","19_10","B",2147,NA,71566.6666666667,11.1783986680867
10,"10",29,19,"19","TetraP.cau","5","VFL1-1","Yes","VFL1-1_10","19_10","B",920,NA,30666.6666666667,10.3309641755271
10,"10",29,19,"19","TetraP.cau","5","WT-mNG","Yes","WT-mNG_10","19_10","B",760,NA,25333.3333333333,10.1399158035055
10,"10",30,19,"19","TetraP.cau","6","VFL1-1","Yes","VFL1-1_10","19_10","B",849,NA,28300,10.2506524186961
10,"10",30,19,"19","TetraP.cau","6","WT-mNG","Yes","WT-mNG_10","19_10","B",1385,NA,46166.6666666667,10.7400349763567
10,"10",31,19,"19","GlaucP.cau","1","VFL1-1","Yes","VFL1-1_10","19_10","A",1445,NA,48166.6666666667,10.7824432588967
10,"10",31,19,"19","GlaucP.cau","1","WT-mNG","Yes","WT-mNG_10","19_10","A",698,NA,23266.6666666667,10.0548199791014
10,"10",32,19,"19","GlaucP.cau","2","VFL1-1","Yes","VFL1-1_10","19_10","A",981,NA,32700,10.3951609374575
10,"10",32,19,"19","GlaucP.cau","2","WT-mNG","Yes","WT-mNG_10","19_10","A",611,NA,20366.6666666667,9.92170395512255
10,"10",33,19,"19","GlaucP.cau","3","VFL1-1","Yes","VFL1-1_10","19_10","A",830,NA,27666.6666666667,10.2280197420357
10,"10",33,19,"19","GlaucP.cau","3","WT-mNG","Yes","WT-mNG_10","19_10","A",586,NA,19533.3333333333,9.87992888012585
10,"10",34,19,"19","GlaucP.cau","4","VFL1-1","Yes","VFL1-1_10","19_10","B",1561,NA,52033.3333333333,10.8596590361005
10,"10",34,19,"19","GlaucP.cau","4","WT-mNG","Yes","WT-mNG_10","19_10","B",1595,NA,53166.6666666667,10.8812057211395
10,"10",35,19,"19","GlaucP.cau","5","VFL1-1","Yes","VFL1-1_10","19_10","B",3299,NA,109966.666666667,11.607941662172
10,"10",35,19,"19","GlaucP.cau","5","WT-mNG","Yes","WT-mNG_10","19_10","B",1142,NA,38066.6666666667,10.5471205568932
10,"10",36,19,"19","GlaucP.cau","6","VFL1-1","Yes","VFL1-1_10","19_10","B",2462,NA,82066.6666666667,11.3152993892054
10,"10",36,19,"19","GlaucP.cau","6","WT-mNG","Yes","WT-mNG_10","19_10","B",1392,NA,46400,10.7450762897062
10,"10",67,22,"22","Control","1","VFL1-1","Control","VFL1-1_10","22_10","A",216,NA,7200,8.88197518424887
10,"10",67,22,"22","Control","1","WT-mNG","Control","WT-mNG_10","22_10","A",2094,NA,69800,11.1534036152954
10,"10",68,22,"22","Control","2","VFL1-1","Control","VFL1-1_10","22_10","A",327,NA,10900,9.29660980712836
10,"10",68,22,"22","Control","2","WT-mNG","Control","WT-mNG_10","22_10","A",3759,NA,125300,11.7384741216983
10,"10",69,22,"22","Control","3","VFL1-1","Control","VFL1-1_10","22_10","A",223,NA,7433.33333333333,8.91386418887985
10,"10",69,22,"22","Control","3","WT-mNG","Control","WT-mNG_10","22_10","A",2453,NA,81766.6666666667,11.3116371714262
10,"10",70,22,"22","Control","4","VFL1-1","Control","VFL1-1_10","22_10","B",216,NA,7200,8.88197518424887
10,"10",70,22,"22","Control","4","WT-mNG","Control","WT-mNG_10","22_10","B",3367,NA,112233.333333333,11.6283442264503
10,"10",71,22,"22","Control","5","VFL1-1","Control","VFL1-1_10","22_10","B",173,NA,5766.66666666667,8.66002288718854
10,"10",71,22,"22","Control","5","WT-mNG","Control","WT-mNG_10","22_10","B",2974,NA,99133.3333333333,11.5042311117135
10,"10",72,22,"22","Control","6","VFL1-1","Control","VFL1-1_10","22_10","B",263,NA,8766.66666666667,9.0788259914335
10,"10",72,22,"22","Control","6","WT-mNG","Control","WT-mNG_10","22_10","B",2618,NA,87266.6666666667,11.3767353028533
10,"10",73,22,"22","Tetra","1","VFL1-1","No","VFL1-1_10","22_10","A",3903,NA,130100,11.7760663508661
10,"10",73,22,"22","Tetra","1","WT-mNG","No","WT-mNG_10","22_10","A",1117,NA,37233.3333333333,10.524986553683
10,"10",74,22,"22","Tetra","2","VFL1-1","No","VFL1-1_10","22_10","A",1022,NA,34066.6666666667,10.4361040218602
10,"10",74,22,"22","Tetra","2","WT-mNG","No","WT-mNG_10","22_10","A",1451,NA,48366.6666666667,10.7865868253867
10,"10",75,22,"22","Tetra","3","VFL1-1","No","VFL1-1_10","22_10","A",2505,NA,83500,11.3326138868151
10,"10",75,22,"22","Tetra","3","WT-mNG","No","WT-mNG_10","22_10","A",4006,NA,133533.333333333,11.8021139022846
10,"10",76,22,"22","Tetra","4","VFL1-1","No","VFL1-1_10","22_10","B",858,NA,28600,10.2611969612316
10,"10",76,22,"22","Tetra","4","WT-mNG","No","WT-mNG_10","22_10","B",2206,NA,73533.3333333333,11.2055076963157
10,"10",77,22,"22","Tetra","5","VFL1-1","No","VFL1-1_10","22_10","B",708,NA,23600,10.0690443629974
10,"10",77,22,"22","Tetra","5","WT-mNG","No","WT-mNG_10","22_10","B",2101,NA,70033.3333333333,11.1567408769778
10,"10",78,22,"22","Tetra","6","VFL1-1","No","VFL1-1_10","22_10","B",834,NA,27800,10.2328272702548
10,"10",78,22,"22","Tetra","6","WT-mNG","No","WT-mNG_10","22_10","B",1037,NA,34566.6666666667,10.4506740347357
10,"10",79,22,"22","Glauc","1","VFL1-1","No","VFL1-1_10","22_10","A",1646,NA,54866.6666666667,10.9126795043933
10,"10",79,22,"22","Glauc","1","WT-mNG","No","WT-mNG_10","22_10","A",702,NA,23400,10.0605340354754
10,"10",80,22,"22","Glauc","2","VFL1-1","No","VFL1-1_10","22_10","A",1410,NA,47000,10.7579241570616
10,"10",80,22,"22","Glauc","2","WT-mNG","No","WT-mNG_10","22_10","A",533,NA,17766.6666666667,9.78513560508011
10,"10",81,22,"22","Glauc","3","VFL1-1","No","VFL1-1_10","22_10","A",2255,NA,75166.6666666667,11.2274764529377
10,"10",81,22,"22","Glauc","3","WT-mNG","No","WT-mNG_10","22_10","A",648,NA,21600,9.98049488889691
10,"10",82,22,"22","Glauc","4","VFL1-1","No","VFL1-1_10","22_10","B",2718,NA,90600,11.4142205294978
10,"10",82,22,"22","Glauc","4","WT-mNG","No","WT-mNG_10","22_10","B",751,NA,25033.3333333333,10.128003495024
10,"10",83,22,"22","Glauc","5","VFL1-1","No","VFL1-1_10","22_10","B",1316,NA,43866.6666666667,10.688932805298
10,"10",83,22,"22","Glauc","5","WT-mNG","No","WT-mNG_10","22_10","B",578,NA,19266.6666666667,9.86618366775963
10,"10",84,22,"22","Glauc","6","VFL1-1","No","VFL1-1_10","22_10","B",1140,NA,38000,10.5453677541517
10,"10",84,22,"22","Glauc","6","WT-mNG","No","WT-mNG_10","22_10","B",577,NA,19233.3333333333,9.86445215554408
10,"10",85,22,"22","P.cau","1","VFL1-1","No","VFL1-1_10","22_10","A",161,NA,5366.66666666667,8.58814858034989
10,"10",85,22,"22","P.cau","1","WT-mNG","No","WT-mNG_10","22_10","A",754,NA,25133.3333333333,10.1319900523348
10,"10",86,22,"22","P.cau","2","VFL1-1","No","VFL1-1_10","22_10","A",104,NA,3466.66666666667,8.15123721640279
10,"10",86,22,"22","P.cau","2","WT-mNG","No","WT-mNG_10","22_10","A",774,NA,25800,10.1581685298485
10,"10",87,22,"22","P.cau","3","VFL1-1","No","VFL1-1_10","22_10","A",112,NA,3733.33333333333,8.22532458989061
10,"10",87,22,"22","P.cau","3","WT-mNG","No","WT-mNG_10","22_10","A",466,NA,15533.3333333333,9.65080790705588
10,"10",88,22,"22","P.cau","4","VFL1-1","No","VFL1-1_10","22_10","B",282,NA,9400,9.14857134557855
10,"10",88,22,"22","P.cau","4","WT-mNG","No","WT-mNG_10","22_10","B",1077,NA,35900,10.4885204292416
10,"10",89,22,"22","P.cau","5","VFL1-1","No","VFL1-1_10","22_10","B",195,NA,6500,8.77971129020447
10,"10",89,22,"22","P.cau","5","WT-mNG","No","WT-mNG_10","22_10","B",1317,NA,43900,10.6896923778471
10,"10",90,22,"22","P.cau","6","VFL1-1","No","VFL1-1_10","22_10","B",194,NA,6466.66666666667,8.77457068360316
10,"10",90,22,"22","P.cau","6","WT-mNG","No","WT-mNG_10","22_10","B",1117,NA,37233.3333333333,10.524986553683
10,"10",92,22,"22","TetraP.cau","2","VFL1-1","Yes","VFL1-1_10","22_10","A",466,NA,15533.3333333333,9.65080790705588
10,"10",92,22,"22","TetraP.cau","2","WT-mNG","Yes","WT-mNG_10","22_10","A",316,NA,10533.3333333333,9.26239504310955
10,"10",93,22,"22","TetraP.cau","3","VFL1-1","Yes","VFL1-1_10","22_10","A",594,NA,19800,9.8934877204578
10,"10",93,22,"22","TetraP.cau","3","WT-mNG","Yes","WT-mNG_10","22_10","A",395,NA,13166.6666666667,9.48551960870419
10,"10",94,22,"22","TetraP.cau","4","VFL1-1","Yes","VFL1-1_10","22_10","B",416,NA,13866.6666666667,9.53731527036567
10,"10",94,22,"22","TetraP.cau","4","WT-mNG","Yes","WT-mNG_10","22_10","B",538,NA,17933.3333333333,9.7944722180089
10,"10",95,22,"22","TetraP.cau","5","VFL1-1","Yes","VFL1-1_10","22_10","B",456,NA,15200,9.62911649414402
10,"10",95,22,"22","TetraP.cau","5","WT-mNG","Yes","WT-mNG_10","22_10","B",1039,NA,34633.3333333333,10.4526007619196
10,"10",96,22,"22","TetraP.cau","6","VFL1-1","Yes","VFL1-1_10","22_10","B",476,NA,15866.6666666667,9.67203877477548
10,"10",96,22,"22","TetraP.cau","6","WT-mNG","Yes","WT-mNG_10","22_10","B",540,NA,18000,9.7981825908907
10,"10",97,22,"22","GlaucP.cau","1","VFL1-1","Yes","VFL1-1_10","22_10","A",763,NA,25433.3333333333,10.1438552463112
10,"10",97,22,"22","GlaucP.cau","1","WT-mNG","Yes","WT-mNG_10","22_10","A",570,NA,19000,9.85224688834253
10,"10",98,22,"22","GlaucP.cau","2","VFL1-1","Yes","VFL1-1_10","22_10","A",386,NA,12866.6666666667,9.46247298397201
10,"10",98,22,"22","GlaucP.cau","2","WT-mNG","Yes","WT-mNG_10","22_10","A",507,NA,16900,9.73512807075823
10,"10",99,22,"22","GlaucP.cau","3","VFL1-1","Yes","VFL1-1_10","22_10","A",331,NA,11033.3333333333,9.30876690303108
10,"10",99,22,"22","GlaucP.cau","3","WT-mNG","Yes","WT-mNG_10","22_10","A",566,NA,18866.6666666667,9.8452049776521
10,"10",100,22,"22","GlaucP.cau","4","VFL1-1","Yes","VFL1-1_10","22_10","B",304,NA,10133.3333333333,9.22368427806776
10,"10",100,22,"22","GlaucP.cau","4","WT-mNG","Yes","WT-mNG_10","22_10","B",279,NA,9300,9.13787720024247
10,"10",101,22,"22","GlaucP.cau","5","VFL1-1","Yes","VFL1-1_10","22_10","B",244,NA,8133.33333333333,9.00384906587502
10,"10",101,22,"22","GlaucP.cau","5","WT-mNG","Yes","WT-mNG_10","22_10","B",338,NA,11266.6666666667,9.32969254626074
10,"10",102,22,"22","GlaucP.cau","6","VFL1-1","Yes","VFL1-1_10","22_10","B",445,NA,14833.3333333333,9.60469959294422
10,"10",102,22,"22","GlaucP.cau","6","WT-mNG","Yes","WT-mNG_10","22_10","B",453,NA,15100,9.62251624577579
10,"10",133,25,"25","Control","1","VFL1-1","Control","VFL1-1_10","25_10","A",483,NA,16100,9.68663666084494
10,"10",133,25,"25","Control","1","WT-mNG","Control","WT-mNG_10","25_10","A",2289,NA,76300,11.2424413233466
10,"10",134,25,"25","Control","2","VFL1-1","Control","VFL1-1_10","25_10","A",319,NA,10633.3333333333,9.27184303957012
10,"10",134,25,"25","Control","2","WT-mNG","Control","WT-mNG_10","25_10","A",2268,NA,75600,11.2332247895934
10,"10",135,25,"25","Control","3","VFL1-1","Control","VFL1-1_10","25_10","A",591,NA,19700,9.88842467485908
10,"10",135,25,"25","Control","3","WT-mNG","Control","WT-mNG_10","25_10","A",2394,NA,79800,11.2872913146877
10,"10",136,25,"25","Control","4","VFL1-1","Control","VFL1-1_10","25_10","B",316,NA,10533.3333333333,9.26239504310955
10,"10",136,25,"25","Control","4","WT-mNG","Control","WT-mNG_10","25_10","B",1803,NA,60100,11.00378175932
10,"10",137,25,"25","Control","5","VFL1-1","Control","VFL1-1_10","25_10","B",226,NA,7533.33333333333,8.92722563114548
10,"10",137,25,"25","Control","5","WT-mNG","Control","WT-mNG_10","25_10","B",4076,NA,135866.666666667,11.8194366517925
10,"10",138,25,"25","Control","6","VFL1-1","Control","VFL1-1_10","25_10","B",267,NA,8900,9.09391890895893
10,"10",138,25,"25","Control","6","WT-mNG","Control","WT-mNG_10","25_10","B",1889,NA,62966.6666666667,11.0503766461141
10,"10",139,25,"25","Tetra","1","VFL1-1","No","VFL1-1_10","25_10","A",1883,NA,62766.6666666667,11.0471953578736
10,"10",139,25,"25","Tetra","1","WT-mNG","No","WT-mNG_10","25_10","A",5034,NA,167800,12.0305340324731
10,"10",140,25,"25","Tetra","2","VFL1-1","No","VFL1-1_10","25_10","A",1168,NA,38933.3333333333,10.5696317453098
10,"10",140,25,"25","Tetra","2","WT-mNG","No","WT-mNG_10","25_10","A",3847,NA,128233.333333333,11.7616145983262
10,"10",141,25,"25","Tetra","3","VFL1-1","No","VFL1-1_10","25_10","A",1432,NA,47733.3333333333,10.7734061943418
10,"10",141,25,"25","Tetra","3","WT-mNG","No","WT-mNG_10","25_10","A",5497,NA,183233.333333333,12.118521122688
10,"10",142,25,"25","Tetra","4","VFL1-1","No","VFL1-1_10","25_10","B",2916,NA,97200,11.4845362784615
10,"10",142,25,"25","Tetra","4","WT-mNG","No","WT-mNG_10","25_10","B",7623,NA,254100,12.445487104759
10,"10",143,25,"25","Tetra","5","VFL1-1","No","VFL1-1_10","25_10","B",2296,NA,76533.3333333333,11.2454947208762
10,"10",143,25,"25","Tetra","5","WT-mNG","No","WT-mNG_10","25_10","B",2606,NA,86866.6666666667,11.3721411668341
10,"10",144,25,"25","Tetra","6","VFL1-1","No","VFL1-1_10","25_10","B",981,NA,32700,10.3951609374575
10,"10",144,25,"25","Tetra","6","WT-mNG","No","WT-mNG_10","25_10","B",2390,NA,79666.6666666667,11.285619094468
10,"10",145,25,"25","Glauc","1","VFL1-1","No","VFL1-1_10","25_10","A",1921,NA,64033.3333333333,11.0671746768328
10,"10",145,25,"25","Glauc","1","WT-mNG","No","WT-mNG_10","25_10","A",719,NA,23966.6666666667,10.0844609787881
10,"10",146,25,"25","Glauc","2","VFL1-1","No","VFL1-1_10","25_10","A",3507,NA,116900,11.6690827017435
10,"10",146,25,"25","Glauc","2","WT-mNG","No","WT-mNG_10","25_10","A",1515,NA,50500,10.8297484170476
10,"10",147,25,"25","Glauc","3","VFL1-1","No","VFL1-1_10","25_10","A",1562,NA,52066.6666666667,10.8602994336811
10,"10",147,25,"25","Glauc","3","WT-mNG","No","WT-mNG_10","25_10","A",1137,NA,37900,10.5427327759467
10,"10",148,25,"25","Glauc","4","VFL1-1","No","VFL1-1_10","25_10","B",4229,NA,140966.666666667,11.8562858286429
10,"10",148,25,"25","Glauc","4","WT-mNG","No","WT-mNG_10","25_10","B",2476,NA,82533.3333333333,11.3209696473677
10,"10",149,25,"25","Glauc","5","VFL1-1","No","VFL1-1_10","25_10","B",1003,NA,33433.3333333333,10.4173385951038
10,"10",149,25,"25","Glauc","5","WT-mNG","No","WT-mNG_10","25_10","B",812,NA,27066.6666666667,10.206095182612
10,"10",150,25,"25","Glauc","6","VFL1-1","No","VFL1-1_10","25_10","B",2453,NA,81766.6666666667,11.3116371714262
10,"10",150,25,"25","Glauc","6","WT-mNG","No","WT-mNG_10","25_10","B",996,NA,33200,10.4103352749329
10,"10",151,25,"25","P.cau","1","VFL1-1","No","VFL1-1_10","25_10","A",166,NA,5533.33333333333,8.61872639223968
10,"10",151,25,"25","P.cau","1","WT-mNG","No","WT-mNG_10","25_10","A",1023,NA,34100,10.4370819883548
10,"10",152,25,"25","P.cau","2","VFL1-1","No","VFL1-1_10","25_10","A",133,NA,4433.33333333333,8.3971325640158
10,"10",152,25,"25","P.cau","2","WT-mNG","No","WT-mNG_10","25_10","A",1220,NA,40666.6666666667,10.6131886249089
10,"10",153,25,"25","P.cau","3","VFL1-1","No","VFL1-1_10","25_10","A",99,NA,3300,8.10198073185319
10,"10",153,25,"25","P.cau","3","WT-mNG","No","WT-mNG_10","25_10","A",1138,NA,37933.3333333333,10.5436118736975
10,"10",154,25,"25","P.cau","4","VFL1-1","No","VFL1-1_10","25_10","B",109,NA,3633.33333333333,8.19818097103827
10,"10",154,25,"25","P.cau","4","WT-mNG","No","WT-mNG_10","25_10","B",932,NA,31066.6666666667,10.3439229003287
10,"10",155,25,"25","P.cau","5","VFL1-1","No","VFL1-1_10","25_10","B",82,NA,2733.33333333333,7.91364293133464
10,"10",155,25,"25","P.cau","5","WT-mNG","No","WT-mNG_10","25_10","B",639,NA,21300,9.96650929895228
10,"10",156,25,"25","P.cau","6","VFL1-1","No","VFL1-1_10","25_10","B",87,NA,2900,7.9728107841214
10,"10",156,25,"25","P.cau","6","WT-mNG","No","WT-mNG_10","25_10","B",736,NA,24533.3333333333,10.1078287760877
10,"10",157,25,"25","TetraP.cau","1","VFL1-1","Yes","VFL1-1_10","25_10","A",219,NA,7300,8.89576660405609
10,"10",157,25,"25","TetraP.cau","1","WT-mNG","Yes","WT-mNG_10","25_10","A",806,NA,26866.6666666667,10.1986788599776
10,"10",158,25,"25","TetraP.cau","2","VFL1-1","Yes","VFL1-1_10","25_10","A",218,NA,7266.66666666667,8.89119056531994
10,"10",158,25,"25","TetraP.cau","2","WT-mNG","Yes","WT-mNG_10","25_10","A",678,NA,22600,10.0257494320691
10,"10",159,25,"25","TetraP.cau","3","VFL1-1","Yes","VFL1-1_10","25_10","A",257,NA,8566.66666666667,9.05575070692012
10,"10",159,25,"25","TetraP.cau","3","WT-mNG","Yes","WT-mNG_10","25_10","A",743,NA,24766.6666666667,10.1172943180732
10,"10",160,25,"25","TetraP.cau","4","VFL1-1","Yes","VFL1-1_10","25_10","B",183,NA,6100,8.71620797115185
10,"10",160,25,"25","TetraP.cau","4","WT-mNG","Yes","WT-mNG_10","25_10","B",1269,NA,42300,10.6525660054169
10,"10",161,25,"25","TetraP.cau","5","VFL1-1","Yes","VFL1-1_10","25_10","B",48,NA,1600,7.37838371299671
10,"10",161,25,"25","TetraP.cau","5","WT-mNG","Yes","WT-mNG_10","25_10","B",750,NA,25000,10.1266711030504
10,"10",162,25,"25","TetraP.cau","6","VFL1-1","Yes","VFL1-1_10","25_10","B",98,NA,3266.66666666667,8.09183145159362
10,"10",162,25,"25","TetraP.cau","6","WT-mNG","Yes","WT-mNG_10","25_10","B",837,NA,27900,10.236417809461
10,"10",163,25,"25","GlaucP.cau","1","VFL1-1","Yes","VFL1-1_10","25_10","A",95,NA,3166.66666666667,8.06075052854321
10,"10",163,25,"25","GlaucP.cau","1","WT-mNG","Yes","WT-mNG_10","25_10","A",297,NA,9900,9.20039104112251
10,"10",164,25,"25","GlaucP.cau","2","VFL1-1","Yes","VFL1-1_10","25_10","A",357,NA,11900,9.38437770918244
10,"10",164,25,"25","GlaucP.cau","2","WT-mNG","Yes","WT-mNG_10","25_10","A",1154,NA,38466.6666666667,10.5575733405839
10,"10",165,25,"25","GlaucP.cau","3","VFL1-1","Yes","VFL1-1_10","25_10","A",109,NA,3633.33333333333,8.19818097103827
10,"10",165,25,"25","GlaucP.cau","3","WT-mNG","Yes","WT-mNG_10","25_10","A",268,NA,8933.33333333333,9.0976568118645
10,"10",166,25,"25","GlaucP.cau","4","VFL1-1","Yes","VFL1-1_10","25_10","B",189,NA,6300,8.74846362994206
10,"10",166,25,"25","GlaucP.cau","4","WT-mNG","Yes","WT-mNG_10","25_10","B",400,NA,13333.3333333333,9.4980974416156
10,"10",167,25,"25","GlaucP.cau","5","VFL1-1","Yes","VFL1-1_10","25_10","B",143,NA,4766.66666666667,8.46961229578679
10,"10",167,25,"25","GlaucP.cau","5","WT-mNG","Yes","WT-mNG_10","25_10","B",275,NA,9166.66666666667,9.12343807994566
10,"10",168,25,"25","GlaucP.cau","6","VFL1-1","Yes","VFL1-1_10","25_10","B",194,NA,6466.66666666667,8.77457068360316
10,"10",168,25,"25","GlaucP.cau","6","WT-mNG","Yes","WT-mNG_10","25_10","B",475,NA,15833.3333333333,9.66993585725498
15,"15",1,19,"19","Control","1","VFL1-1","Control","VFL1-1_15","19_15","A",89,NA,2966.66666666667,7.99553128890556
15,"15",1,19,"19","Control","1","WT-mNG","Control","WT-mNG_15","19_15","A",3050,NA,101666.666666667,11.5294646029386
15,"15",2,19,"19","Control","2","VFL1-1","Control","VFL1-1_15","19_15","A",86,NA,2866.66666666667,7.96125396995324
15,"15",2,19,"19","Control","2","WT-mNG","Control","WT-mNG_15","19_15","A",2344,NA,78133.3333333333,11.2661848465698
15,"15",3,19,"19","Control","3","VFL1-1","Control","VFL1-1_15","19_15","A",86,NA,2866.66666666667,7.96125396995324
15,"15",3,19,"19","Control","3","WT-mNG","Control","WT-mNG_15","19_15","A",2852,NA,95066.6666666667,11.4623441977329
15,"15",4,19,"19","Control","4","VFL1-1","Control","VFL1-1_15","19_15","B",87,NA,2900,7.9728107841214
15,"15",4,19,"19","Control","4","WT-mNG","Control","WT-mNG_15","19_15","B",2197,NA,73233.3333333333,11.2014196245954
15,"15",5,19,"19","Control","5","VFL1-1","Control","VFL1-1_15","19_15","B",104,NA,3466.66666666667,8.15123721640279
15,"15",5,19,"19","Control","5","WT-mNG","Control","WT-mNG_15","19_15","B",1600,NA,53333.3333333333,10.8843355553721
15,"15",6,19,"19","Control","6","VFL1-1","Control","VFL1-1_15","19_15","B",72,NA,2400,7.78364059622125
15,"15",6,19,"19","Control","6","WT-mNG","Control","WT-mNG_15","19_15","B",2368,NA,78933.3333333333,11.2763715621625
15,"15",7,19,"19","Tetra","1","VFL1-1","No","VFL1-1_15","19_15","A",466,NA,15533.3333333333,9.65080790705588
15,"15",7,19,"19","Tetra","1","WT-mNG","No","WT-mNG_15","19_15","A",2808,NA,93600,11.4467963461693
15,"15",8,19,"19","Tetra","2","VFL1-1","No","VFL1-1_15","19_15","A",548,NA,18266.6666666667,9.81288792729512
15,"15",8,19,"19","Tetra","2","WT-mNG","No","WT-mNG_15","19_15","A",2194,NA,73133.3333333333,11.2000532117171
15,"15",9,19,"19","Tetra","3","VFL1-1","No","VFL1-1_15","19_15","A",972,NA,32400,10.3859445655017
15,"15",9,19,"19","Tetra","3","WT-mNG","No","WT-mNG_15","19_15","A",1823,NA,60766.6666666667,11.0148131282538
15,"15",10,19,"19","Tetra","4","VFL1-1","No","VFL1-1_15","19_15","B",860,NA,28666.6666666667,10.26352516968
15,"15",10,19,"19","Tetra","4","WT-mNG","No","WT-mNG_15","19_15","B",5990,NA,199666.666666667,12.2044095967642
15,"15",11,19,"19","Tetra","5","VFL1-1","No","VFL1-1_15","19_15","B",1358,NA,45266.6666666667,10.7203482965054
15,"15",11,19,"19","Tetra","5","WT-mNG","No","WT-mNG_15","19_15","B",4468,NA,148933.333333333,11.9112607719001
15,"15",12,19,"19","Tetra","6","VFL1-1","No","VFL1-1_15","19_15","B",445,NA,14833.3333333333,9.60469959294422
15,"15",12,19,"19","Tetra","6","WT-mNG","No","WT-mNG_15","19_15","B",2262,NA,75400,11.2305758165076
15,"15",13,19,"19","Glauc","1","VFL1-1","No","VFL1-1_15","19_15","A",1755,NA,58500,10.9767991270909
15,"15",13,19,"19","Glauc","1","WT-mNG","No","WT-mNG_15","19_15","A",846,NA,28200,10.2471127172904
15,"15",14,19,"19","Glauc","2","VFL1-1","No","VFL1-1_15","19_15","A",2495,NA,83166.6666666667,11.3286139294814
15,"15",14,19,"19","Glauc","2","WT-mNG","No","WT-mNG_15","19_15","A",551,NA,18366.6666666667,9.81834715145172
15,"15",15,19,"19","Glauc","3","VFL1-1","No","VFL1-1_15","19_15","A",2985,NA,99500,11.5079229733474
15,"15",15,19,"19","Glauc","3","WT-mNG","No","WT-mNG_15","19_15","A",688,NA,22933.3333333333,10.0403903389538
15,"15",16,19,"19","Glauc","4","VFL1-1","No","VFL1-1_15","19_15","B",2788,NA,92933.3333333333,11.4396484295442
15,"15",16,19,"19","Glauc","4","WT-mNG","No","WT-mNG_15","19_15","B",717,NA,23900,10.0816755780485
15,"15",17,19,"19","Glauc","5","VFL1-1","No","VFL1-1_15","19_15","B",2643,NA,88100,11.3862391625976
15,"15",17,19,"19","Glauc","5","WT-mNG","No","WT-mNG_15","19_15","B",1297,NA,43233.3333333333,10.6743902116696
15,"15",18,19,"19","Glauc","6","VFL1-1","No","VFL1-1_15","19_15","B",1051,NA,35033.3333333333,10.4640838120331
15,"15",18,19,"19","Glauc","6","WT-mNG","No","WT-mNG_15","19_15","B",776,NA,25866.6666666667,10.1607490765497
15,"15",19,19,"19","P.cau","1","VFL1-1","No","VFL1-1_15","19_15","A",65,NA,2166.66666666667,7.68140659920104
15,"15",19,19,"19","P.cau","1","WT-mNG","No","WT-mNG_15","19_15","A",916,NA,30533.3333333333,10.3266070125495
15,"15",20,19,"19","P.cau","2","VFL1-1","No","VFL1-1_15","19_15","A",166,NA,5533.33333333333,8.61872639223968
15,"15",20,19,"19","P.cau","2","WT-mNG","No","WT-mNG_15","19_15","A",906,NA,30200,10.3156303153975
15,"15",21,19,"19","P.cau","3","VFL1-1","No","VFL1-1_15","19_15","A",65,NA,2166.66666666667,7.68140659920104
15,"15",21,19,"19","P.cau","3","WT-mNG","No","WT-mNG_15","19_15","A",1892,NA,63066.6666666667,11.0519635030429
15,"15",22,19,"19","P.cau","4","VFL1-1","No","VFL1-1_15","19_15","B",111,NA,3700,8.21635833238616
15,"15",22,19,"19","P.cau","4","WT-mNG","No","WT-mNG_15","19_15","B",927,NA,30900,10.3385438248217
15,"15",23,19,"19","P.cau","5","VFL1-1","No","VFL1-1_15","19_15","B",83,NA,2766.66666666667,7.92575988559392
15,"15",23,19,"19","P.cau","5","WT-mNG","No","WT-mNG_15","19_15","B",1064,NA,35466.6666666667,10.4763767623128
15,"15",24,19,"19","P.cau","6","VFL1-1","No","VFL1-1_15","19_15","B",85,NA,2833.33333333333,7.94956203271768
15,"15",24,19,"19","P.cau","6","WT-mNG","No","WT-mNG_15","19_15","B",959,NA,31966.6666666667,10.3724802543002
15,"15",26,19,"19","TetraP.cau","2","VFL1-1","Yes","VFL1-1_15","19_15","A",326,NA,10866.6666666667,9.29354729899257
15,"15",26,19,"19","TetraP.cau","2","WT-mNG","Yes","WT-mNG_15","19_15","A",402,NA,13400,9.50308461002023
15,"15",27,19,"19","TetraP.cau","3","VFL1-1","Yes","VFL1-1_15","19_15","A",226,NA,7533.33333333333,8.92722563114548
15,"15",27,19,"19","TetraP.cau","3","WT-mNG","Yes","WT-mNG_15","19_15","A",496,NA,16533.3333333333,9.7131943060868
15,"15",28,19,"19","TetraP.cau","4","VFL1-1","Yes","VFL1-1_15","19_15","B",181,NA,6033.33333333333,8.70522066070783
15,"15",28,19,"19","TetraP.cau","4","WT-mNG","Yes","WT-mNG_15","19_15","B",406,NA,13533.3333333333,9.51298494581748
15,"15",29,19,"19","TetraP.cau","5","VFL1-1","Yes","VFL1-1_15","19_15","B",142,NA,4733.33333333333,8.46259620021302
15,"15",29,19,"19","TetraP.cau","5","WT-mNG","Yes","WT-mNG_15","19_15","B",610,NA,20333.3333333333,9.9200660336059
15,"15",30,19,"19","TetraP.cau","6","VFL1-1","Yes","VFL1-1_15","19_15","B",153,NA,5100,8.53719187792293
15,"15",30,19,"19","TetraP.cau","6","WT-mNG","Yes","WT-mNG_15","19_15","B",639,NA,21300,9.96650929895228
15,"15",31,19,"19","GlaucP.cau","1","VFL1-1","Yes","VFL1-1_15","19_15","A",321,NA,10700,9.278092474027
15,"15",31,19,"19","GlaucP.cau","1","WT-mNG","Yes","WT-mNG_15","19_15","A",627,NA,20900,9.94755228369823
15,"15",32,19,"19","GlaucP.cau","2","VFL1-1","Yes","VFL1-1_15","19_15","A",310,NA,10333.3333333333,9.2432269643104
15,"15",32,19,"19","GlaucP.cau","2","WT-mNG","Yes","WT-mNG_15","19_15","A",467,NA,15566.6666666667,9.65295139275428
15,"15",33,19,"19","GlaucP.cau","3","VFL1-1","Yes","VFL1-1_15","19_15","A",123,NA,4100,8.31898612539206
15,"15",33,19,"19","GlaucP.cau","3","WT-mNG","Yes","WT-mNG_15","19_15","A",378,NA,12600,9.44153145486969
15,"15",34,19,"19","GlaucP.cau","4","VFL1-1","Yes","VFL1-1_15","19_15","B",298,NA,9933.33333333333,9.20375204989933
15,"15",34,19,"19","GlaucP.cau","4","WT-mNG","Yes","WT-mNG_15","19_15","B",467,NA,15566.6666666667,9.65295139275428
15,"15",35,19,"19","GlaucP.cau","5","VFL1-1","Yes","VFL1-1_15","19_15","B",328,NA,10933.3333333333,9.29966296493624
15,"15",35,19,"19","GlaucP.cau","5","WT-mNG","Yes","WT-mNG_15","19_15","B",294,NA,9800,9.19023970026918
15,"15",36,19,"19","GlaucP.cau","6","VFL1-1","Yes","VFL1-1_15","19_15","B",566,NA,18866.6666666667,9.8452049776521
15,"15",36,19,"19","GlaucP.cau","6","WT-mNG","Yes","WT-mNG_15","19_15","B",490,NA,16333.3333333333,9.70102451104031
15,"15",67,22,"22","Control","1","VFL1-1","Control","VFL1-1_15","22_15","A",120,NA,4000,8.29429960885724
15,"15",67,22,"22","Control","1","WT-mNG","Control","WT-mNG_15","22_15","A",3699,NA,123300,11.7223837994196
15,"15",68,22,"22","Control","2","VFL1-1","Control","VFL1-1_15","22_15","A",173,NA,5766.66666666667,8.66002288718854
15,"15",68,22,"22","Control","2","WT-mNG","Control","WT-mNG_15","22_15","A",6311,NA,210366.666666667,12.2566120724977
15,"15",69,22,"22","Control","3","VFL1-1","Control","VFL1-1_15","22_15","A",90,NA,3000,8.00670084544037
15,"15",69,22,"22","Control","3","WT-mNG","Control","WT-mNG_15","22_15","A",3891,NA,129700,11.772987080375
15,"15",70,22,"22","Control","4","VFL1-1","Control","VFL1-1_15","22_15","B",111,NA,3700,8.21635833238616
15,"15",70,22,"22","Control","4","WT-mNG","Control","WT-mNG_15","22_15","B",6799,NA,226633.333333333,12.3310931312503
15,"15",71,22,"22","Control","5","VFL1-1","Control","VFL1-1_15","22_15","B",286,NA,9533.33333333333,9.16265459774362
15,"15",71,22,"22","Control","5","WT-mNG","Control","WT-mNG_15","22_15","B",7722,NA,257400,12.4583904591405
15,"15",72,22,"22","Control","6","VFL1-1","Control","VFL1-1_15","22_15","B",129,NA,4300,8.36660283278374
15,"15",72,22,"22","Control","6","WT-mNG","Control","WT-mNG_15","22_15","B",3215,NA,107166.666666667,11.5821498652079
15,"15",73,22,"22","Tetra","1","VFL1-1","No","VFL1-1_15","22_15","A",6751,NA,225033.333333333,12.3240082621381
15,"15",73,22,"22","Tetra","1","WT-mNG","No","WT-mNG_15","22_15","A",2056,NA,68533.3333333333,11.1350901152283
15,"15",74,22,"22","Tetra","2","VFL1-1","No","VFL1-1_15","22_15","A",1102,NA,36733.3333333333,10.5114671098928
15,"15",74,22,"22","Tetra","2","WT-mNG","No","WT-mNG_15","22_15","A",1736,NA,57866.6666666667,10.965914073497
15,"15",75,22,"22","Tetra","3","VFL1-1","No","VFL1-1_15","22_15","A",2395,NA,79833.3333333333,11.2877089331826
15,"15",75,22,"22","Tetra","3","WT-mNG","No","WT-mNG_15","22_15","A",2069,NA,68966.6666666667,11.1413930747187
15,"15",76,22,"22","Tetra","4","VFL1-1","No","VFL1-1_15","22_15","B",1778,NA,59266.6666666667,10.9898191861424
15,"15",76,22,"22","Tetra","4","WT-mNG","No","WT-mNG_15","22_15","B",2040,NA,68000,11.1272776899325
15,"15",77,22,"22","Tetra","5","VFL1-1","No","VFL1-1_15","22_15","B",1959,NA,65300,11.0867626290829
15,"15",77,22,"22","Tetra","5","WT-mNG","No","WT-mNG_15","22_15","B",2522,NA,84066.6666666667,11.3393773090953
15,"15",78,22,"22","Tetra","6","VFL1-1","No","VFL1-1_15","22_15","B",2124,NA,70800,11.1676284038758
15,"15",78,22,"22","Tetra","6","WT-mNG","No","WT-mNG_15","22_15","B",1564,NA,52133.3333333333,10.861578999827
15,"15",79,22,"22","Glauc","1","VFL1-1","No","VFL1-1_15","22_15","A",800,NA,26666.6666666667,10.1912071242848
15,"15",79,22,"22","Glauc","1","WT-mNG","No","WT-mNG_15","22_15","A",534,NA,17800,9.78700991447743
15,"15",80,22,"22","Glauc","2","VFL1-1","No","VFL1-1_15","22_15","A",1267,NA,42233.3333333333,10.6509887553403
15,"15",80,22,"22","Glauc","2","WT-mNG","No","WT-mNG_15","22_15","A",414,NA,13800,9.53249633228804
15,"15",81,22,"22","Glauc","3","VFL1-1","No","VFL1-1_15","22_15","A",1904,NA,63466.6666666667,11.0582858688497
15,"15",81,22,"22","Glauc","3","WT-mNG","No","WT-mNG_15","22_15","A",564,NA,18800,9.84166533889278
15,"15",82,22,"22","Glauc","4","VFL1-1","No","VFL1-1_15","22_15","B",2599,NA,86633.3333333333,11.369451474796
15,"15",82,22,"22","Glauc","4","WT-mNG","No","WT-mNG_15","22_15","B",629,NA,20966.6666666667,9.95073684763664
15,"15",83,22,"22","Glauc","5","VFL1-1","No","VFL1-1_15","22_15","B",1249,NA,41633.3333333333,10.6366804263725
15,"15",83,22,"22","Glauc","5","WT-mNG","No","WT-mNG_15","22_15","B",652,NA,21733.3333333333,9.98664847045804
15,"15",84,22,"22","Glauc","6","VFL1-1","No","VFL1-1_15","22_15","B",1784,NA,59466.6666666667,10.993188026462
15,"15",84,22,"22","Glauc","6","WT-mNG","No","WT-mNG_15","22_15","B",535,NA,17833.3333333333,9.78888071741021
15,"15",85,22,"22","P.cau","1","VFL1-1","No","VFL1-1_15","22_15","A",49,NA,1633.33333333333,7.39899025298312
15,"15",85,22,"22","P.cau","1","WT-mNG","No","WT-mNG_15","22_15","A",1554,NA,51800,10.8551647330805
15,"15",86,22,"22","P.cau","2","VFL1-1","No","VFL1-1_15","22_15","A",56,NA,1866.66666666667,7.53244515889717
15,"15",86,22,"22","P.cau","2","WT-mNG","No","WT-mNG_15","22_15","A",2432,NA,81066.6666666667,11.3030394758563
15,"15",87,22,"22","P.cau","3","VFL1-1","No","VFL1-1_15","22_15","A",50,NA,1666.66666666667,7.4191807228201
15,"15",87,22,"22","P.cau","3","WT-mNG","No","WT-mNG_15","22_15","A",2540,NA,84666.6666666667,11.3464890682864
15,"15",88,22,"22","P.cau","4","VFL1-1","No","VFL1-1_15","22_15","B",34,NA,1133.33333333333,7.0338003858328
15,"15",88,22,"22","P.cau","4","WT-mNG","No","WT-mNG_15","22_15","B",1130,NA,37666.6666666667,10.5365573573465
15,"15",89,22,"22","P.cau","5","VFL1-1","No","VFL1-1_15","22_15","B",57,NA,1900,7.55013534248843
15,"15",89,22,"22","P.cau","5","WT-mNG","No","WT-mNG_15","22_15","B",1917,NA,63900,11.0650902896954
15,"15",90,22,"22","P.cau","6","VFL1-1","No","VFL1-1_15","22_15","B",72,NA,2400,7.78364059622125
15,"15",90,22,"22","P.cau","6","WT-mNG","No","WT-mNG_15","22_15","B",1827,NA,60900,11.0170048739244
15,"15",92,22,"22","TetraP.cau","2","VFL1-1","Yes","VFL1-1_15","22_15","A",77,NA,2566.66666666667,7.85075285368486
15,"15",92,22,"22","TetraP.cau","2","WT-mNG","Yes","WT-mNG_15","22_15","A",1337,NA,44566.6666666667,10.7047639124649
15,"15",93,22,"22","TetraP.cau","3","VFL1-1","Yes","VFL1-1_15","22_15","A",70,NA,2333.33333333333,7.75548161898741
15,"15",93,22,"22","TetraP.cau","3","WT-mNG","Yes","WT-mNG_15","22_15","A",859,NA,28633.3333333333,10.262361743025
15,"15",94,22,"22","TetraP.cau","4","VFL1-1","Yes","VFL1-1_15","22_15","B",93,NA,3100,8.03947991910045
15,"15",94,22,"22","TetraP.cau","4","WT-mNG","Yes","WT-mNG_15","22_15","B",718,NA,23933.3333333333,10.0830692482251
15,"15",95,22,"22","TetraP.cau","5","VFL1-1","Yes","VFL1-1_15","22_15","B",77,NA,2566.66666666667,7.85075285368486
15,"15",95,22,"22","TetraP.cau","5","WT-mNG","Yes","WT-mNG_15","22_15","B",996,NA,33200,10.4103352749329
15,"15",96,22,"22","TetraP.cau","6","VFL1-1","Yes","VFL1-1_15","22_15","B",130,NA,4333.33333333333,8.37432309038321
15,"15",96,22,"22","TetraP.cau","6","WT-mNG","Yes","WT-mNG_15","22_15","B",617,NA,20566.6666666667,9.93147554240963
15,"15",97,22,"22","GlaucP.cau","1","VFL1-1","Yes","VFL1-1_15","22_15","A",113,NA,3766.66666666667,8.23421116752262
15,"15",97,22,"22","GlaucP.cau","1","WT-mNG","Yes","WT-mNG_15","22_15","A",351,NA,11700,9.36742958721896
15,"15",98,22,"22","GlaucP.cau","2","VFL1-1","Yes","VFL1-1_15","22_15","A",113,NA,3766.66666666667,8.23421116752262
15,"15",98,22,"22","GlaucP.cau","2","WT-mNG","Yes","WT-mNG_15","22_15","A",494,NA,16466.6666666667,9.70915414140893
15,"15",99,22,"22","GlaucP.cau","3","VFL1-1","Yes","VFL1-1_15","22_15","A",89,NA,2966.66666666667,7.99553128890556
15,"15",99,22,"22","GlaucP.cau","3","WT-mNG","Yes","WT-mNG_15","22_15","A",664,NA,22133.3333333333,10.0048852264987
15,"15",100,22,"22","GlaucP.cau","4","VFL1-1","Yes","VFL1-1_15","22_15","B",173,NA,5766.66666666667,8.66002288718854
15,"15",100,22,"22","GlaucP.cau","4","WT-mNG","Yes","WT-mNG_15","22_15","B",680,NA,22666.6666666667,10.028694812164
15,"15",101,22,"22","GlaucP.cau","5","VFL1-1","Yes","VFL1-1_15","22_15","B",116,NA,3866.66666666667,8.26040667567944
15,"15",101,22,"22","GlaucP.cau","5","WT-mNG","Yes","WT-mNG_15","22_15","B",731,NA,24366.6666666667,10.1010123958993
15,"15",102,22,"22","GlaucP.cau","6","VFL1-1","Yes","VFL1-1_15","22_15","B",99,NA,3300,8.10198073185319
15,"15",102,22,"22","GlaucP.cau","6","WT-mNG","Yes","WT-mNG_15","22_15","B",623,NA,20766.6666666667,9.94115256904116
15,"15",133,25,"25","Control","1","VFL1-1","Control","VFL1-1_15","25_15","A",96,NA,3200,8.07121853996986
15,"15",133,25,"25","Control","1","WT-mNG","Control","WT-mNG_15","25_15","A",2954,NA,98466.6666666667,11.4974835160808
15,"15",134,25,"25","Control","2","VFL1-1","Control","VFL1-1_15","25_15","A",128,NA,4266.66666666667,8.35882250877807
15,"15",134,25,"25","Control","2","WT-mNG","Control","WT-mNG_15","25_15","A",3636,NA,121200,11.7052056034084
15,"15",135,25,"25","Control","3","VFL1-1","Control","VFL1-1_15","25_15","A",275,NA,9166.66666666667,9.12343807994566
15,"15",135,25,"25","Control","3","WT-mNG","Control","WT-mNG_15","25_15","A",3257,NA,108566.666666667,11.5951289134841
15,"15",136,25,"25","Control","4","VFL1-1","Control","VFL1-1_15","25_15","B",127,NA,4233.33333333333,8.35098117635535
15,"15",136,25,"25","Control","4","WT-mNG","Control","WT-mNG_15","25_15","B",3140,NA,104666.666666667,11.5585455303168
15,"15",137,25,"25","Control","5","VFL1-1","Control","VFL1-1_15","25_15","B",238,NA,7933.33333333333,8.97895461346794
15,"15",137,25,"25","Control","5","WT-mNG","Control","WT-mNG_15","25_15","B",6059,NA,201966.666666667,12.2158628975648
15,"15",138,25,"25","Control","6","VFL1-1","Control","VFL1-1_15","25_15","B",82,NA,2733.33333333333,7.91364293133464
15,"15",138,25,"25","Control","6","WT-mNG","Control","WT-mNG_15","25_15","B",2612,NA,87066.6666666667,11.3744408731021
15,"15",139,25,"25","Tetra","1","VFL1-1","No","VFL1-1_15","25_15","A",1343,NA,44766.6666666667,10.7092414316429
15,"15",139,25,"25","Tetra","1","WT-mNG","No","WT-mNG_15","25_15","A",2129,NA,70966.6666666667,11.1699796532368
15,"15",140,25,"25","Tetra","2","VFL1-1","No","VFL1-1_15","25_15","A",1536,NA,51200,10.8435143420869
15,"15",140,25,"25","Tetra","2","WT-mNG","No","WT-mNG_15","25_15","A",2025,NA,67500,11.1198976915657
15,"15",141,25,"25","Tetra","3","VFL1-1","No","VFL1-1_15","25_15","A",2120,NA,70666.6666666667,11.1657434158293
15,"15",141,25,"25","Tetra","3","WT-mNG","No","WT-mNG_15","25_15","A",1712,NA,57066.6666666667,10.9519929772326
15,"15",142,25,"25","Tetra","4","VFL1-1","No","VFL1-1_15","25_15","B",3310,NA,110333.333333333,11.6112704290941
15,"15",142,25,"25","Tetra","4","WT-mNG","No","WT-mNG_15","25_15","B",5441,NA,181366.666666667,12.108281557483
15,"15",143,25,"25","Tetra","5","VFL1-1","No","VFL1-1_15","25_15","B",3111,NA,103700,11.5492670373727
15,"15",143,25,"25","Tetra","5","WT-mNG","No","WT-mNG_15","25_15","B",2747,NA,91566.6666666667,11.4248335043604
15,"15",144,25,"25","Tetra","6","VFL1-1","No","VFL1-1_15","25_15","B",1105,NA,36833.3333333333,10.5141856602246
15,"15",144,25,"25","Tetra","6","WT-mNG","No","WT-mNG_15","25_15","B",2899,NA,96633.3333333333,11.4786893745841
15,"15",145,25,"25","Glauc","1","VFL1-1","No","VFL1-1_15","25_15","A",770,NA,25666.6666666667,10.1529873724477
15,"15",145,25,"25","Glauc","1","WT-mNG","No","WT-mNG_15","25_15","A",1239,NA,41300,10.6286419917311
15,"15",146,25,"25","Glauc","2","VFL1-1","No","VFL1-1_15","25_15","A",415,NA,13833.3333333333,9.53490870409457
15,"15",146,25,"25","Glauc","2","WT-mNG","No","WT-mNG_15","25_15","A",1099,NA,36633.3333333333,10.5087411488943
15,"15",147,25,"25","Glauc","3","VFL1-1","No","VFL1-1_15","25_15","A",334,NA,11133.3333333333,9.31778870662236
15,"15",147,25,"25","Glauc","3","WT-mNG","No","WT-mNG_15","25_15","A",1027,NA,34233.3333333333,10.4409843181169
15,"15",148,25,"25","Glauc","4","VFL1-1","No","VFL1-1_15","25_15","B",1651,NA,55033.3333333333,10.9157125118806
15,"15",148,25,"25","Glauc","4","WT-mNG","No","WT-mNG_15","25_15","B",4462,NA,148733.333333333,11.9099169957323
15,"15",149,25,"25","Glauc","5","VFL1-1","No","VFL1-1_15","25_15","B",218,NA,7266.66666666667,8.89119056531994
15,"15",149,25,"25","Glauc","5","WT-mNG","No","WT-mNG_15","25_15","B",1095,NA,36500,10.5050949364556
15,"15",150,25,"25","Glauc","6","VFL1-1","No","VFL1-1_15","25_15","B",581,NA,19366.6666666667,9.87136028795072
15,"15",150,25,"25","Glauc","6","WT-mNG","No","WT-mNG_15","25_15","B",1269,NA,42300,10.6525660054169
15,"15",151,25,"25","P.cau","1","VFL1-1","No","VFL1-1_15","25_15","A",77,NA,2566.66666666667,7.85075285368486
15,"15",151,25,"25","P.cau","1","WT-mNG","No","WT-mNG_15","25_15","A",3024,NA,100800,11.5209035552051
15,"15",152,25,"25","P.cau","2","VFL1-1","No","VFL1-1_15","25_15","A",99,NA,3300,8.10198073185319
15,"15",152,25,"25","P.cau","2","WT-mNG","No","WT-mNG_15","25_15","A",3123,NA,104100,11.5531168607049
15,"15",153,25,"25","P.cau","3","VFL1-1","No","VFL1-1_15","25_15","A",108,NA,3600,8.18896686364888
15,"15",153,25,"25","P.cau","3","WT-mNG","No","WT-mNG_15","25_15","A",2915,NA,97166.6666666667,11.4841932876468
15,"15",154,25,"25","P.cau","4","VFL1-1","No","VFL1-1_15","25_15","B",63,NA,2100,7.650168700845
15,"15",154,25,"25","P.cau","4","WT-mNG","No","WT-mNG_15","25_15","B",2847,NA,94900,11.4605895219503
15,"15",155,25,"25","P.cau","5","VFL1-1","No","VFL1-1_15","25_15","B",71,NA,2366.66666666667,7.7696602203297
15,"15",155,25,"25","P.cau","5","WT-mNG","No","WT-mNG_15","25_15","B",2203,NA,73433.3333333333,11.2041468618235
15,"15",156,25,"25","P.cau","6","VFL1-1","No","VFL1-1_15","25_15","B",54,NA,1800,7.49609734517596
15,"15",156,25,"25","P.cau","6","WT-mNG","No","WT-mNG_15","25_15","B",1772,NA,59066.6666666667,10.9864389583643
15,"15",157,25,"25","TetraP.cau","1","VFL1-1","Yes","VFL1-1_15","25_15","A",142,NA,4733.33333333333,8.46259620021302
15,"15",157,25,"25","TetraP.cau","1","WT-mNG","Yes","WT-mNG_15","25_15","A",1357,NA,45233.3333333333,10.7196116645008
15,"15",158,25,"25","TetraP.cau","2","VFL1-1","Yes","VFL1-1_15","25_15","A",96,NA,3200,8.07121853996986
15,"15",158,25,"25","TetraP.cau","2","WT-mNG","Yes","WT-mNG_15","25_15","A",1338,NA,44600,10.7055115592815
15,"15",159,25,"25","TetraP.cau","3","VFL1-1","Yes","VFL1-1_15","25_15","A",78,NA,2600,7.86365126544865
15,"15",159,25,"25","TetraP.cau","3","WT-mNG","Yes","WT-mNG_15","25_15","A",1051,NA,35033.3333333333,10.4640838120331
15,"15",160,25,"25","TetraP.cau","4","VFL1-1","Yes","VFL1-1_15","25_15","B",69,NA,2300,7.74109909003537
15,"15",160,25,"25","TetraP.cau","4","WT-mNG","Yes","WT-mNG_15","25_15","B",1835,NA,61166.6666666667,11.0213740064489
15,"15",161,25,"25","TetraP.cau","5","VFL1-1","Yes","VFL1-1_15","25_15","B",21,NA,700,6.55250788703459
15,"15",161,25,"25","TetraP.cau","5","WT-mNG","Yes","WT-mNG_15","25_15","B",1302,NA,43400,10.6782377612977
15,"15",162,25,"25","TetraP.cau","6","VFL1-1","Yes","VFL1-1_15","25_15","B",60,NA,2000,7.60140233458373
15,"15",162,25,"25","TetraP.cau","6","WT-mNG","Yes","WT-mNG_15","25_15","B",2807,NA,93566.6666666667,11.4464401611915
15,"15",163,25,"25","GlaucP.cau","1","VFL1-1","Yes","VFL1-1_15","25_15","A",123,NA,4100,8.31898612539206
15,"15",163,25,"25","GlaucP.cau","1","WT-mNG","Yes","WT-mNG_15","25_15","A",865,NA,28833.3333333333,10.2693220857314
15,"15",164,25,"25","GlaucP.cau","2","VFL1-1","Yes","VFL1-1_15","25_15","A",272,NA,9066.66666666667,9.11247025165168
15,"15",164,25,"25","GlaucP.cau","2","WT-mNG","Yes","WT-mNG_15","25_15","A",1041,NA,34700,10.4545237839635
15,"15",165,25,"25","GlaucP.cau","3","VFL1-1","Yes","VFL1-1_15","25_15","A",194,NA,6466.66666666667,8.77457068360316
15,"15",165,25,"25","GlaucP.cau","3","WT-mNG","Yes","WT-mNG_15","25_15","A",1555,NA,51833.3333333333,10.8558080143517
15,"15",166,25,"25","GlaucP.cau","4","VFL1-1","Yes","VFL1-1_15","25_15","B",332,NA,11066.6666666667,9.3117832235999
15,"15",166,25,"25","GlaucP.cau","4","WT-mNG","Yes","WT-mNG_15","25_15","B",1221,NA,40700,10.6140079411534
15,"15",167,25,"25","GlaucP.cau","5","VFL1-1","Yes","VFL1-1_15","25_15","B",108,NA,3600,8.18896686364888
15,"15",167,25,"25","GlaucP.cau","5","WT-mNG","Yes","WT-mNG_15","25_15","B",759,NA,25300,10.1385991996262
15,"15",168,25,"25","GlaucP.cau","6","VFL1-1","Yes","VFL1-1_15","25_15","B",147,NA,4900,8.49719454490955
15,"15",168,25,"25","GlaucP.cau","6","WT-mNG","Yes","WT-mNG_15","25_15","B",724,NA,24133.3333333333,10.0913907253113
